﻿<?xml version="1.0" encoding="utf-8" ?>
<Defs>


  <ThingDef ParentName="AnimalThingBase">
    <defName>Cat</defName>
    <label>cat</label>
    <devNote>cat</devNote>
    <description>One of mankind's first pets, the cat is a small mammal which hunts vermin. Known for their aloofness, cats are nevertheless popular companions because of their independence, calm disposition, and fine, pettable fur.</description>
    <statBases>
      <MoveSpeed>4.4</MoveSpeed>
      <MarketValue>100</MarketValue>
      <ComfyTemperatureMin>-25</ComfyTemperatureMin>
    </statBases>
    <race>
      <body>QuadrupedAnimalWithPawsAndTail</body>
      <predator>true</predator>
      <baseBodySize>0.32</baseBodySize>
      <maxPreyBodySize>0.25</maxPreyBodySize>
      <baseHungerRate>0.15</baseHungerRate>
      <baseHealthScale>0.42</baseHealthScale>
      <foodType>CarnivoreAnimal, OvivoreAnimal</foodType>
      <leatherDef>Leather_Light</leatherDef>
      <wildness>0</wildness>
      <petness>1</petness>
      <trainability>None</trainability>
      <nuzzleMtbHours>12</nuzzleMtbHours>
      <gestationPeriodDays>10</gestationPeriodDays>
      <nameOnTameChance>1</nameOnTameChance>
      <litterSizeCurve>
        <points>
          <li>(0.5, 0)</li>
          <li>(1, 1)</li>
          <li>(2, 1.7)</li>
          <li>(3, 0.7)</li>
          <li>(3.5, 0)</li>
        </points>
      </litterSizeCurve>
      <lifeExpectancy>10</lifeExpectancy>
      <lifeStageAges>
        <li>
          <def>AnimalBaby</def>
          <minAge>0</minAge>
        </li>
        <li>
          <def>AnimalJuvenile</def>
          <minAge>0.15</minAge>
        </li>
        <li>
          <def>AnimalAdult</def>
          <minAge>0.4</minAge>
          <soundWounded>Pawn_Cat_Injured</soundWounded>
          <soundDeath>Pawn_Cat_Death</soundDeath>
          <soundCall>Pawn_Cat_Call</soundCall>
          <soundAngry>Pawn_Cat_Angry</soundAngry>
        </li>
      </lifeStageAges>
      <soundMeleeHitPawn>Pawn_Melee_SmallScratch_HitPawn</soundMeleeHitPawn>
      <soundMeleeHitBuilding>Pawn_Melee_SmallScratch_HitBuilding</soundMeleeHitBuilding>
      <soundMeleeMiss>Pawn_Melee_SmallScratch_Miss</soundMeleeMiss>
    </race>
    <tradeTags>
      <li>AnimalCommon</li>
      <li>AnimalPet</li>
    </tradeTags>
    <tools>
      <li>
        <label>left claw</label>
        <capacities>
          <li>Scratch</li>
        </capacities>
        <power>6</power>
        <cooldownTime>1.5</cooldownTime>
        <linkedBodyPartsGroup>FrontLeftPaw</linkedBodyPartsGroup>
        <surpriseAttack>
          <extraMeleeDamages>
            <li>
              <def>Stun</def>
              <amount>14</amount>
            </li>
          </extraMeleeDamages>
        </surpriseAttack>
      </li>
      <li>
        <label>right claw</label>
        <capacities>
          <li>Scratch</li>
        </capacities>
        <power>6</power>
        <cooldownTime>1.5</cooldownTime>
        <linkedBodyPartsGroup>FrontRightPaw</linkedBodyPartsGroup>
        <surpriseAttack>
          <extraMeleeDamages>
            <li>
              <def>Stun</def>
              <amount>14</amount>
            </li>
          </extraMeleeDamages>
        </surpriseAttack>
      </li>
      <li>
        <capacities>
          <li>Bite</li>
        </capacities>
        <power>7</power>
        <cooldownTime>2</cooldownTime>
        <linkedBodyPartsGroup>Teeth</linkedBodyPartsGroup>
        <chanceFactor>0.7</chanceFactor>
        <surpriseAttack>
          <extraMeleeDamages>
            <li>
              <def>Stun</def>
              <amount>14</amount>
            </li>
          </extraMeleeDamages>
        </surpriseAttack>
      </li>
      <li>
        <label>head</label>
        <capacities>
          <li>Blunt</li>
        </capacities>
        <power>3</power>
        <cooldownTime>2</cooldownTime>
        <linkedBodyPartsGroup>HeadAttackTool</linkedBodyPartsGroup>
        <ensureLinkedBodyPartsGroupAlwaysUsable>true</ensureLinkedBodyPartsGroupAlwaysUsable>
        <chanceFactor>0.2</chanceFactor>
      </li>
    </tools>
  </ThingDef>
  
  <PawnKindDef ParentName="AnimalKindBase">
    <defName>Cat</defName>
    <label>cat</label>
    <race>Cat</race>
    <combatPower>35</combatPower>
    <ecoSystemWeight>0.3</ecoSystemWeight>
    <lifeStages>
      <li>
        <label>kitten</label>
        <bodyGraphicData>
          <texPath>Things/Pawn/Animal/Cat/Cat</texPath>
          <drawSize>0.6</drawSize>
          <color>(189,171,159)</color>
        </bodyGraphicData>
        <dessicatedBodyGraphicData>
          <texPath>Things/Pawn/Animal/Cat/Dessicated_Cat</texPath>
          <drawSize>0.6</drawSize>
        </dessicatedBodyGraphicData>
      </li>
      <li>
        <bodyGraphicData>
          <texPath>Things/Pawn/Animal/Cat/Cat</texPath>
          <drawSize>0.8</drawSize>
          <color>(189,171,159)</color>
        </bodyGraphicData>
        <dessicatedBodyGraphicData>
          <texPath>Things/Pawn/Animal/Cat/Dessicated_Cat</texPath>
          <drawSize>0.8</drawSize>
        </dessicatedBodyGraphicData>
      </li>
      <li>
        <bodyGraphicData>
          <texPath>Things/Pawn/Animal/Cat/Cat</texPath>
          <drawSize>1.0</drawSize>
          <color>(189,171,159)</color>
          <shadowData>
            <volume>(0.25, 0.3, 0.25)</volume>
            <offset>(0,0,-0.15)</offset>
          </shadowData>
        </bodyGraphicData>
        <dessicatedBodyGraphicData>
          <texPath>Things/Pawn/Animal/Cat/Dessicated_Cat</texPath>
          <drawSize>1.0</drawSize>
        </dessicatedBodyGraphicData>
      </li>
    </lifeStages>
  </PawnKindDef>
  
  <!-- =================================================================== -->


  <ThingDef ParentName="AnimalThingBase">
    <defName>YorkshireTerrier</defName>
    <label>yorkshire terrier</label>
    <devNote>cat-1</devNote>
    <description>A small, even-tempered dog. Originally bred to hunt rats, it later became a show and companionship animal. Some consider it useless, but the mood boost it gives by nuzzling can outweigh the cost of feeding it.</description>
    <statBases>
      <MoveSpeed>3.1</MoveSpeed>
      <MarketValue>100</MarketValue>
      <ComfyTemperatureMin>-15</ComfyTemperatureMin>
    </statBases>
    <tools>
      <li>
        <label>left claw</label>
        <capacities>
          <li>Scratch</li>
        </capacities>
        <power>3.6</power>
        <cooldownTime>2</cooldownTime>
        <linkedBodyPartsGroup>FrontLeftPaw</linkedBodyPartsGroup>
      </li>
      <li>
        <label>right claw</label>
        <capacities>
          <li>Scratch</li>
        </capacities>
        <power>3.6</power>
        <cooldownTime>2</cooldownTime>
        <linkedBodyPartsGroup>FrontRightPaw</linkedBodyPartsGroup>
      </li>
      <li>
        <label>cute little teeth</label>
        <capacities>
          <li>Bite</li>
        </capacities>
        <power>4.8</power>
        <cooldownTime>2</cooldownTime>
        <linkedBodyPartsGroup>Teeth</linkedBodyPartsGroup>
        <chanceFactor>0.7</chanceFactor>
      </li>
      <li>
        <label>head</label>
        <capacities>
          <li>Blunt</li>
        </capacities>
        <power>2</power>
        <cooldownTime>2</cooldownTime>
        <linkedBodyPartsGroup>HeadAttackTool</linkedBodyPartsGroup>
        <ensureLinkedBodyPartsGroupAlwaysUsable>true</ensureLinkedBodyPartsGroupAlwaysUsable>
        <chanceFactor>0.2</chanceFactor>
      </li>
    </tools>
    <race>
      <animalType>Canine</animalType>
      <body>QuadrupedAnimalWithPawsAndTail</body>
      <petness>1</petness>
      <baseBodySize>0.32</baseBodySize>
      <baseHungerRate>0.15</baseHungerRate>
      <baseHealthScale>0.4</baseHealthScale>
      <foodType>OmnivoreAnimal, OvivoreAnimal</foodType>
      <leatherDef>Leather_Dog</leatherDef>
      <nameOnTameChance>1</nameOnTameChance>
      <trainability>Intermediate</trainability>
      <wildness>0</wildness>
      <nuzzleMtbHours>12</nuzzleMtbHours>
      <gestationPeriodDays>10</gestationPeriodDays>
      <litterSizeCurve>
        <points>
          <li>(0.5, 0)</li>
          <li>(1, 1)</li>
          <li>(2, 1.7)</li>
          <li>(3, 0.7)</li>
          <li>(3.5, 0)</li>
        </points>
      </litterSizeCurve>
      <lifeExpectancy>15</lifeExpectancy>
      <lifeStageAges>
        <li>
          <def>AnimalBaby</def>
          <minAge>0</minAge>
        </li>
        <li>
          <def>AnimalJuvenile</def>
          <minAge>0.1</minAge>
        </li>
        <li>
          <def>AnimalAdult</def>
          <minAge>0.3</minAge>
          <soundWounded>Pawn_DogSmall_Injured</soundWounded>
          <soundDeath>Pawn_DogSmall_Dead</soundDeath>
          <soundCall>Pawn_DogSmall_Call</soundCall>
          <soundAngry>Pawn_DogSmall_Angry</soundAngry>
        </li>
      </lifeStageAges>
      <soundMeleeHitPawn>Pawn_Melee_SmallScratch_HitPawn</soundMeleeHitPawn>
      <soundMeleeHitBuilding>Pawn_Melee_SmallScratch_HitBuilding</soundMeleeHitBuilding>
      <soundMeleeMiss>Pawn_Melee_SmallScratch_Miss</soundMeleeMiss>
    </race>
    <tradeTags>
      <li>AnimalCommon</li>
      <li>AnimalPet</li>
    </tradeTags>
  </ThingDef>

  <PawnKindDef ParentName="AnimalKindBase">
    <defName>YorkshireTerrier</defName>
    <label>yorkshire terrier</label>
    <race>YorkshireTerrier</race>
    <combatPower>30</combatPower>
    <ecoSystemWeight>0.30</ecoSystemWeight>
    <lifeStages>
      <li>
        <label>yorkshire terrier puppy</label>
        <labelPlural>yorkshire terrier puppies</labelPlural>
        <bodyGraphicData>
          <texPath>Things/Pawn/Animal/YorkshireTerrier/YorkshireTerrier</texPath>
          <drawSize>0.48</drawSize>
        </bodyGraphicData>
        <dessicatedBodyGraphicData>
          <texPath>Things/Pawn/Animal/YorkshireTerrier/Dessicated_YorkshireTerrier</texPath>
          <drawSize>0.48</drawSize>
        </dessicatedBodyGraphicData>
      </li>
      <li>
        <bodyGraphicData>
          <texPath>Things/Pawn/Animal/YorkshireTerrier/YorkshireTerrier</texPath>
          <drawSize>0.75</drawSize>
        </bodyGraphicData>
        <femaleGraphicData>
          <texPath>Things/Pawn/Animal/YorkshireTerrier/YorkshireTerrier</texPath>
          <drawSize>0.73</drawSize>
        </femaleGraphicData>
        <dessicatedBodyGraphicData>
          <texPath>Things/Pawn/Animal/YorkshireTerrier/Dessicated_YorkshireTerrier</texPath>
          <drawSize>0.75</drawSize>
        </dessicatedBodyGraphicData>
        <femaleDessicatedBodyGraphicData>
          <texPath>Things/Pawn/Animal/YorkshireTerrier/Dessicated_YorkshireTerrier</texPath>
          <drawSize>0.73</drawSize>
        </femaleDessicatedBodyGraphicData>
      </li>
      <li>
        <bodyGraphicData>
          <texPath>Things/Pawn/Animal/YorkshireTerrier/YorkshireTerrier</texPath>
          <drawSize>0.9</drawSize>
          <shadowData>
            <volume>(0.20, 0.3, 0.20)</volume>
            <offset>(0,0,-0.08)</offset>
          </shadowData>
        </bodyGraphicData>
        <femaleGraphicData>
          <texPath>Things/Pawn/Animal/YorkshireTerrier/YorkshireTerrier</texPath>
          <drawSize>0.89</drawSize>
        </femaleGraphicData>
        <dessicatedBodyGraphicData>
          <texPath>Things/Pawn/Animal/YorkshireTerrier/Dessicated_YorkshireTerrier</texPath>
          <drawSize>0.9</drawSize>
        </dessicatedBodyGraphicData>
        <femaleDessicatedBodyGraphicData>
          <texPath>Things/Pawn/Animal/YorkshireTerrier/Dessicated_YorkshireTerrier</texPath>
          <drawSize>0.89</drawSize>
        </femaleDessicatedBodyGraphicData>
      </li>
    </lifeStages>
  </PawnKindDef>


  <!-- ======================= Guinea Pig =============================== -->

  <ThingDef ParentName="AnimalThingBase">
    <defName>GuineaPig</defName>
    <label>guinea pig</label>
    <devNote>cat-1</devNote>
    <description>Neither a pig or a creature from Guinea, these little rodents are bred to be a household pet and a delicious dinner.</description>
    <statBases>
      <MoveSpeed>5.0</MoveSpeed>
      <MarketValue>150</MarketValue>
      <ComfyTemperatureMin>-15</ComfyTemperatureMin>
      <ComfyTemperatureMax>55</ComfyTemperatureMax>
    </statBases>
    <race>
      <body>QuadrupedAnimalWithPawsAndTail</body>
      <baseBodySize>0.2</baseBodySize>
      <baseHealthScale>0.4</baseHealthScale>
      <baseHungerRate>0.1</baseHungerRate>
      <foodType>VegetarianRoughAnimal</foodType>
      <leatherDef>Leather_GuineaPig</leatherDef>
      <wildness>0.60</wildness>
      <trainability>None</trainability>
      <petness>0.30</petness>
      <mateMtbHours>8</mateMtbHours>
      <nuzzleMtbHours>24</nuzzleMtbHours>
      <gestationPeriodDays>6.66</gestationPeriodDays>
      <litterSizeCurve>
        <points>
          <li>(0.5, 0)</li>
          <li>(1, 1)</li>
          <li>(2.5, 1)</li>
          <li>(3, 0)</li>
        </points>
      </litterSizeCurve>
      <lifeExpectancy>4</lifeExpectancy>
      <lifeStageAges>
        <li>
          <def>AnimalBaby</def>
          <minAge>0</minAge>
        </li>
        <li>
          <def>AnimalJuvenile</def>
          <minAge>0.15</minAge>
          <soundWounded>Pawn_GuineaPig_Wounded</soundWounded>
          <soundDeath>Pawn_GuineaPig_Death</soundDeath>
          <soundCall>Pawn_GuineaPig_Call</soundCall>
          <soundAngry>Pawn_GuineaPig_Angry</soundAngry>
        </li>
        <li>
          <def>AnimalAdult</def>
          <minAge>0.2</minAge>
          <soundWounded>Pawn_GuineaPig_Wounded</soundWounded>
          <soundDeath>Pawn_GuineaPig_Death</soundDeath>
          <soundCall>Pawn_GuineaPig_Call</soundCall>
          <soundAngry>Pawn_GuineaPig_Angry</soundAngry>
        </li>
      </lifeStageAges>
      <soundMeleeHitPawn>Pawn_Melee_SmallScratch_HitPawn</soundMeleeHitPawn>
      <soundMeleeHitBuilding>Pawn_Melee_SmallScratch_HitBuilding</soundMeleeHitBuilding>
      <soundMeleeMiss>Pawn_Melee_SmallScratch_Miss</soundMeleeMiss>
    </race>
    <tradeTags>
      <li>AnimalPet</li>
      <li>AnimalUncommon</li>
    </tradeTags>
    <tools>
      <li>
        <label>left claw</label>
        <capacities>
          <li>Scratch</li>
        </capacities>
        <power>3.6</power>
        <cooldownTime>1.5</cooldownTime>
        <linkedBodyPartsGroup>FrontLeftPaw</linkedBodyPartsGroup>
      </li>
      <li>
        <label>right claw</label>
        <capacities>
          <li>Scratch</li>
        </capacities>
        <power>3.6</power>
        <cooldownTime>1.5</cooldownTime>
        <linkedBodyPartsGroup>FrontRightPaw</linkedBodyPartsGroup>
      </li>
      <li>
        <capacities>
          <li>Bite</li>
        </capacities>
        <power>5.8</power>
        <cooldownTime>2</cooldownTime>
        <linkedBodyPartsGroup>Teeth</linkedBodyPartsGroup>
        <chanceFactor>0.7</chanceFactor>
      </li>
      <li>
        <label>head</label>
        <capacities>
          <li>Blunt</li>
        </capacities>
        <power>2</power>
        <cooldownTime>2</cooldownTime>
        <linkedBodyPartsGroup>HeadAttackTool</linkedBodyPartsGroup>
        <ensureLinkedBodyPartsGroupAlwaysUsable>true</ensureLinkedBodyPartsGroupAlwaysUsable>
        <chanceFactor>0.2</chanceFactor>
      </li>
    </tools>
  </ThingDef>

  <PawnKindDef ParentName="AnimalKindBase">
    <defName>GuineaPig</defName>
    <label>guinea pig</label>
    <race>GuineaPig</race>
    <combatPower>33</combatPower>
    <ecoSystemWeight>0.3</ecoSystemWeight>
    <wildGroupSize>3~8</wildGroupSize>
    <alternateGraphicChance>0.99</alternateGraphicChance>
    <alternateGraphics>
      <li><texPath>Things/Pawn/Animal/GuineaPig/GuineaPig1</texPath></li>
      <li><texPath>Things/Pawn/Animal/GuineaPig/GuineaPig2</texPath></li>
      <li><texPath>Things/Pawn/Animal/GuineaPig/GuineaPig3</texPath></li>
      <li><color>(0.494,0.356,0.164,1)</color></li>
      <li><color>(0.333,0.333,0.333,1)</color></li>
    </alternateGraphics>
    <lifeStages>
      <li>
        <bodyGraphicData>
          <texPath>Things/Pawn/Animal/GuineaPig/GuineaPig</texPath>
          <drawSize>0.5</drawSize>
          <shaderType>CutoutComplex</shaderType>
        </bodyGraphicData>
        <dessicatedBodyGraphicData>
          <texPath>Things/Pawn/Animal/GuineaPig/Dessicated_GuineaPig</texPath>
          <drawSize>0.5</drawSize>
        </dessicatedBodyGraphicData>
      </li>
      <li>
        <bodyGraphicData>
          <texPath>Things/Pawn/Animal/GuineaPig/GuineaPig</texPath>
          <drawSize>0.75</drawSize>
          <shaderType>CutoutComplex</shaderType>
        </bodyGraphicData>
        <dessicatedBodyGraphicData>
          <texPath>Things/Pawn/Animal/GuineaPig/Dessicated_GuineaPig</texPath>
          <drawSize>0.75</drawSize>
        </dessicatedBodyGraphicData>
      </li>
      <li>
        <bodyGraphicData>
          <texPath>Things/Pawn/Animal/GuineaPig/GuineaPig</texPath>
          <drawSize>1</drawSize>
          <shaderType>CutoutComplex</shaderType>
          <shadowData>
            <volume>(0.25, 0.3, 0.25)</volume>
            <offset>(0,0,0)</offset>
          </shadowData>
        </bodyGraphicData>
        <dessicatedBodyGraphicData>
          <texPath>Things/Pawn/Animal/GuineaPig/Dessicated_GuineaPig</texPath>
          <drawSize>1</drawSize>
        </dessicatedBodyGraphicData>
      </li>
    </lifeStages>
  </PawnKindDef>


  <!-- ====================================================== -->

  <ThingDef ParentName="AnimalThingBase">
    <defName>LabradorRetriever</defName>
    <label>labrador retriever</label>
    <devNote>cat-1</devNote>
    <description>A very versatile, medium-sized dog. Originally bred to retrieve birds shot on the hunt, the lab is also an excellent guard dog, play pal, and family friend.</description>
    <statBases>
      <MoveSpeed>5.0</MoveSpeed>
      <MarketValue>250</MarketValue>
      <ComfyTemperatureMin>-30</ComfyTemperatureMin>
    </statBases>
    <tools>
      <li>
        <label>left claw</label>
        <capacities>
          <li>Scratch</li>
        </capacities>
        <power>8.5</power>
        <cooldownTime>2</cooldownTime>
        <linkedBodyPartsGroup>FrontLeftPaw</linkedBodyPartsGroup>
      </li>
      <li>
        <label>right claw</label>
        <capacities>
          <li>Scratch</li>
        </capacities>
        <power>8.5</power>
        <cooldownTime>2</cooldownTime>
        <linkedBodyPartsGroup>FrontRightPaw</linkedBodyPartsGroup>
      </li>
      <li>
        <capacities>
          <li>Bite</li>
        </capacities>
        <power>14.2</power>
        <cooldownTime>2.6</cooldownTime>
        <linkedBodyPartsGroup>Teeth</linkedBodyPartsGroup>
        <chanceFactor>0.7</chanceFactor>
      </li>
      <li>
        <label>head</label>
        <capacities>
          <li>Blunt</li>
        </capacities>
        <power>5</power>
        <cooldownTime>2</cooldownTime>
        <linkedBodyPartsGroup>HeadAttackTool</linkedBodyPartsGroup>
        <ensureLinkedBodyPartsGroupAlwaysUsable>true</ensureLinkedBodyPartsGroupAlwaysUsable>
        <chanceFactor>0.2</chanceFactor>
      </li>
    </tools>
    <race>
      <animalType>Canine</animalType>
      <body>QuadrupedAnimalWithPawsAndTail</body>
      <petness>1</petness>
      <baseBodySize>0.75</baseBodySize>
      <baseHungerRate>0.4</baseHungerRate>
      <baseHealthScale>1.0</baseHealthScale>
      <foodType>OmnivoreAnimal, OvivoreAnimal</foodType>
      <leatherDef>Leather_Dog</leatherDef>
      <gestationPeriodDays>10</gestationPeriodDays>
      <nameOnTameChance>1</nameOnTameChance>
      <trainability>Advanced</trainability>
      <wildness>0</wildness>
      <nuzzleMtbHours>12</nuzzleMtbHours>
      <litterSizeCurve>
        <points>
          <li>(0.5, 0)</li>
          <li>(1, 1)</li>
          <li>(2, 1.7)</li>
          <li>(3, 0.7)</li>
          <li>(3.5, 0)</li>
        </points>
      </litterSizeCurve>
      <lifeExpectancy>12</lifeExpectancy>
      <lifeStageAges>
        <li>
          <def>AnimalBaby</def>
          <minAge>0</minAge>
        </li>
        <li>
          <def>AnimalJuvenile</def>
          <minAge>0.25</minAge>
        </li>
        <li>
          <def>AnimalAdult</def>
          <minAge>0.5</minAge>
          <soundWounded>Pawn_Dog_Injured</soundWounded>
          <soundDeath>Pawn_Dog_Death</soundDeath>
          <soundCall>Pawn_Dog_Call</soundCall>
          <soundAngry>Pawn_Dog_Angry</soundAngry>
        </li>
      </lifeStageAges>
      <soundMeleeHitPawn>Pawn_Melee_SmallScratch_HitPawn</soundMeleeHitPawn>
      <soundMeleeHitBuilding>Pawn_Melee_SmallScratch_HitBuilding</soundMeleeHitBuilding>
      <soundMeleeMiss>Pawn_Melee_SmallScratch_Miss</soundMeleeMiss>
    </race>
    <tradeTags>
      <li>AnimalCommon</li>
      <li>AnimalPet</li>
    </tradeTags>
  </ThingDef>
  
  <PawnKindDef ParentName="AnimalKindBase">
    <defName>LabradorRetriever</defName>
    <label>labrador retriever</label>
    <race>LabradorRetriever</race>
    <combatPower>70</combatPower>
    <ecoSystemWeight>0.6</ecoSystemWeight>
    <lifeStages>
      <li>
        <label>labrador puppy</label>
        <labelPlural>labrador puppies</labelPlural>
        <bodyGraphicData>
          <texPath>Things/Pawn/Animal/Labrador/Labrador</texPath>
          <drawSize>0.95</drawSize>
          <color>(220,198,160)</color>
        </bodyGraphicData>
        <dessicatedBodyGraphicData>
          <texPath>Things/Pawn/Animal/Labrador/Dessicated_Labrador</texPath>
          <drawSize>0.95</drawSize>
        </dessicatedBodyGraphicData>
      </li>
      <li>
        <bodyGraphicData>
          <texPath>Things/Pawn/Animal/Labrador/Labrador</texPath>
          <drawSize>1.35</drawSize>
          <color>(220,198,160)</color>
          <shadowData>
            <volume>(0.25, 0.3, 0.25)</volume>
            <offset>(0,0,-0.15)</offset>
          </shadowData>
        </bodyGraphicData>
        <dessicatedBodyGraphicData>
          <texPath>Things/Pawn/Animal/Labrador/Dessicated_Labrador</texPath>
          <drawSize>1.35</drawSize>
        </dessicatedBodyGraphicData>
      </li>
      <li>
        <bodyGraphicData>
          <texPath>Things/Pawn/Animal/Labrador/Labrador</texPath>
          <drawSize>1.6</drawSize>
          <color>(220,198,160)</color>
          <shadowData>
            <volume>(0.3, 0.4, 0.3)</volume>
            <offset>(0,0,-0.15)</offset>
          </shadowData>
        </bodyGraphicData>
        <dessicatedBodyGraphicData>
          <texPath>Things/Pawn/Animal/Labrador/Dessicated_Labrador</texPath>
          <drawSize>1.6</drawSize>
        </dessicatedBodyGraphicData>
      </li>
    </lifeStages>
  </PawnKindDef>

  <!-- ====================================================== -->

  <ThingDef ParentName="AnimalThingBase">
    <defName>Husky</defName>
    <label>husky</label>
    <devNote>cat-1</devNote>
    <description>A large, energetic dog with a thick fur coat for remaining comfortable in arctic environments.</description>
    <statBases>
      <MoveSpeed>5.0</MoveSpeed>
      <MarketValue>250</MarketValue>
      <ComfyTemperatureMin>-50</ComfyTemperatureMin>
    </statBases>
    <tools>
      <li>
        <label>left claw</label>
        <capacities>
          <li>Scratch</li>
        </capacities>
        <power>9.7</power>
        <cooldownTime>2</cooldownTime>
        <linkedBodyPartsGroup>FrontLeftPaw</linkedBodyPartsGroup>
      </li>
      <li>
        <label>right claw</label>
        <capacities>
          <li>Scratch</li>
        </capacities>
        <power>9.7</power>
        <cooldownTime>2</cooldownTime>
        <linkedBodyPartsGroup>FrontRightPaw</linkedBodyPartsGroup>
      </li>
      <li>
        <capacities>
          <li>Bite</li>
        </capacities>
        <power>14.2</power>
        <cooldownTime>2.6</cooldownTime>
        <linkedBodyPartsGroup>Teeth</linkedBodyPartsGroup>
        <chanceFactor>0.7</chanceFactor>
      </li>
      <li>
        <label>head</label>
        <capacities>
          <li>Blunt</li>
        </capacities>
        <power>6</power>
        <cooldownTime>2</cooldownTime>
        <linkedBodyPartsGroup>HeadAttackTool</linkedBodyPartsGroup>
        <ensureLinkedBodyPartsGroupAlwaysUsable>true</ensureLinkedBodyPartsGroupAlwaysUsable>
        <chanceFactor>0.2</chanceFactor>
      </li>
    </tools>
    <race>
      <animalType>Canine</animalType>
      <body>QuadrupedAnimalWithPawsAndTail</body>
      <petness>1</petness>
      <baseBodySize>0.86</baseBodySize>
      <baseHungerRate>0.5</baseHungerRate>
      <baseHealthScale>1.05</baseHealthScale>
      <foodType>OmnivoreAnimal, OvivoreAnimal</foodType>
      <leatherDef>Leather_Dog</leatherDef>
      <nameOnTameChance>1</nameOnTameChance>
      <trainability>Advanced</trainability>
      <wildness>0</wildness>
      <nuzzleMtbHours>12</nuzzleMtbHours>
      <gestationPeriodDays>10</gestationPeriodDays>
      <litterSizeCurve>
        <points>
          <li>(0.5, 0)</li>
          <li>(1, 1)</li>
          <li>(2, 1.7)</li>
          <li>(2.5, 0.7)</li>
          <li>(3, 0)</li>
        </points>
      </litterSizeCurve>
      <lifeExpectancy>12</lifeExpectancy>
      <lifeStageAges>
        <li>
          <def>AnimalBaby</def>
          <minAge>0</minAge>
        </li>
        <li>
          <def>AnimalJuvenile</def>
          <minAge>0.25</minAge>
        </li>
        <li>
          <def>AnimalAdult</def>
          <minAge>0.5</minAge>
          <soundWounded>Pawn_Dog_Injured</soundWounded>
          <soundDeath>Pawn_Dog_Death</soundDeath>
          <soundCall>Pawn_Dog_Call</soundCall>
          <soundAngry>Pawn_Dog_Angry</soundAngry>
        </li>
      </lifeStageAges>
      <soundMeleeHitPawn>Pawn_Melee_SmallScratch_HitPawn</soundMeleeHitPawn>
      <soundMeleeHitBuilding>Pawn_Melee_SmallScratch_HitBuilding</soundMeleeHitBuilding>
      <soundMeleeMiss>Pawn_Melee_SmallScratch_Miss</soundMeleeMiss>
    </race>
    <tradeTags>
      <li>AnimalCommon</li>
      <li>AnimalPet</li>
    </tradeTags>
  </ThingDef>
  
  <PawnKindDef ParentName="AnimalKindBase">
    <defName>Husky</defName>
    <label>husky</label>
    <labelPlural>huskies</labelPlural>
    <race>Husky</race>
    <combatPower>75</combatPower>
    <ecoSystemWeight>0.7</ecoSystemWeight>
    <lifeStages>
      <li>
        <label>husky puppy</label>
        <labelPlural>husky puppies</labelPlural>
        <bodyGraphicData>
          <texPath>Things/Pawn/Animal/Husky/Husky</texPath>
          <drawSize>1.0</drawSize>
          <color>(137,133,133)</color>
          <shaderType>CutoutComplex</shaderType>
        </bodyGraphicData>
        <dessicatedBodyGraphicData>
          <texPath>Things/Pawn/Animal/Husky/Dessicated_Husky</texPath>
          <drawSize>1.0</drawSize>
        </dessicatedBodyGraphicData>
      </li>
      <li>
        <bodyGraphicData>
          <texPath>Things/Pawn/Animal/Husky/Husky</texPath>
          <drawSize>1.5</drawSize>
          <color>(137,133,133)</color>
          <shaderType>CutoutComplex</shaderType>
          <shadowData>
            <volume>(0.25, 0.3, 0.25)</volume>
            <offset>(0,0,-0.15)</offset>
          </shadowData>
        </bodyGraphicData>
        <dessicatedBodyGraphicData>
          <texPath>Things/Pawn/Animal/Husky/Dessicated_Husky</texPath>
          <drawSize>1.5</drawSize>
        </dessicatedBodyGraphicData>
      </li>
      <li>
        <bodyGraphicData>
          <texPath>Things/Pawn/Animal/Husky/Husky</texPath>
          <drawSize>1.75</drawSize>
          <color>(137,133,133)</color>
          <shaderType>CutoutComplex</shaderType>
          <shadowData>
            <volume>(0.3, 0.4, 0.3)</volume>
            <offset>(0,0,-0.15)</offset>
          </shadowData>
        </bodyGraphicData>
        <dessicatedBodyGraphicData>
          <texPath>Things/Pawn/Animal/Husky/Dessicated_Husky</texPath>
          <drawSize>1.75</drawSize>
        </dessicatedBodyGraphicData>
      </li>
    </lifeStages>
  </PawnKindDef>

  <!-- ====================================================== -->
  
  <ThingDef ParentName="AnimalThingBase">
    <defName>Monkey</defName>
    <label>monkey</label>
    <devNote>cat-1</devNote>
    <description>A small primate, the monkey can use its curly tail to grab on to branches, leaving its hands free to do other things. Monkeys are selfish but clever, and can be trained to carry out fairly complex tasks.</description>
    <statBases>
      <MoveSpeed>4.3</MoveSpeed>
      <MarketValue>100</MarketValue>
      <ComfyTemperatureMin>-5</ComfyTemperatureMin>
      <ComfyTemperatureMax>50</ComfyTemperatureMax>
    </statBases>
    <uiIconScale>1.5</uiIconScale>
    <tools>
      <li>
        <label>left fist</label>
        <capacities>
          <li>Blunt</li>
        </capacities>
        <power>3.6</power>
        <cooldownTime>1.5</cooldownTime>
        <linkedBodyPartsGroup>LeftHand</linkedBodyPartsGroup>
      </li>
      <li>
        <label>right fist</label>
        <capacities>
          <li>Blunt</li>
        </capacities>
        <power>3.6</power>
        <cooldownTime>1.5</cooldownTime>
        <linkedBodyPartsGroup>RightHand</linkedBodyPartsGroup>
      </li>
      <li>
        <capacities>
          <li>Bite</li>
        </capacities>
        <power>4</power>
        <cooldownTime>2</cooldownTime>
        <linkedBodyPartsGroup>Teeth</linkedBodyPartsGroup>
        <chanceFactor>0.7</chanceFactor>
      </li>
      <li>
        <label>head</label>
        <capacities>
          <li>Blunt</li>
        </capacities>
        <power>2</power>
        <cooldownTime>2</cooldownTime>
        <linkedBodyPartsGroup>HeadAttackTool</linkedBodyPartsGroup>
        <ensureLinkedBodyPartsGroupAlwaysUsable>true</ensureLinkedBodyPartsGroupAlwaysUsable>
        <chanceFactor>0.2</chanceFactor>
      </li>
    </tools>
    <race>
      <body>Monkey</body>
      <petness>0.50</petness>
      <herdAnimal>true</herdAnimal>
      <baseBodySize>0.35</baseBodySize>
      <baseHungerRate>0.125</baseHungerRate>
      <baseHealthScale>0.45</baseHealthScale>
      <foodType>OmnivoreRoughAnimal</foodType>
      <leatherDef>Leather_Light</leatherDef>
      <trainability>Intermediate</trainability>
      <wildness>0.60</wildness>
      <nuzzleMtbHours>24</nuzzleMtbHours>
      <gestationPeriodDays>6.66</gestationPeriodDays>
      <lifeExpectancy>30</lifeExpectancy>
      <lifeStageAges>
        <li>
          <def>AnimalBaby</def>
          <minAge>0</minAge>
        </li>
        <li>
          <def>AnimalJuvenile</def>
          <minAge>0.2</minAge>
        </li>
        <li>
          <def>AnimalAdult</def>
          <minAge>0.266</minAge>
          <soundWounded>Pawn_Monkey_Wounded</soundWounded>
          <soundDeath>Pawn_Monkey_Death</soundDeath>
          <soundCall>Pawn_Monkey_Call</soundCall>
          <soundAngry>Pawn_Monkey_Angry</soundAngry>
        </li>
      </lifeStageAges>
      <soundMeleeHitPawn>Pawn_Melee_SmallScratch_HitPawn</soundMeleeHitPawn>
      <soundMeleeHitBuilding>Pawn_Melee_SmallScratch_HitBuilding</soundMeleeHitBuilding>
      <soundMeleeMiss>Pawn_Melee_SmallScratch_Miss</soundMeleeMiss>
    </race>
    <tradeTags>
      <li>AnimalUncommon</li>
    </tradeTags>
  </ThingDef>

  <PawnKindDef ParentName="AnimalKindBase">
    <defName>Monkey</defName>
    <label>monkey</label>
    <race>Monkey</race>
    <combatPower>35</combatPower>
    <ecoSystemWeight>0.30</ecoSystemWeight>
    <wildGroupSize>3~7</wildGroupSize>
    <lifeStages>
      <li>
        <bodyGraphicData>
          <texPath>Things/Pawn/Animal/Monkey/Monkey</texPath>
          <drawSize>1</drawSize>
        </bodyGraphicData>
        <dessicatedBodyGraphicData>
          <texPath>Things/Pawn/Animal/Monkey/Dessicated_Monkey</texPath>
          <drawSize>1</drawSize>
        </dessicatedBodyGraphicData>
      </li>
      <li>
        <bodyGraphicData>
          <texPath>Things/Pawn/Animal/Monkey/Monkey</texPath>
          <drawSize>1.25</drawSize>
          <shadowData>
            <volume>(0.2, 0.2, 0.2)</volume>
            <offset>(0,0,-0.2)</offset>
          </shadowData>
        </bodyGraphicData>
        <dessicatedBodyGraphicData>
          <texPath>Things/Pawn/Animal/Monkey/Dessicated_Monkey</texPath>
          <drawSize>1.25</drawSize>
        </dessicatedBodyGraphicData>
      </li>
      <li>
        <bodyGraphicData>
          <texPath>Things/Pawn/Animal/Monkey/Monkey</texPath>
          <drawSize>1.5</drawSize>
          <shadowData>
            <volume>(0.3, 0.3, 0.3)</volume>
            <offset>(0,0,-0.2)</offset>
          </shadowData>
        </bodyGraphicData>
        <dessicatedBodyGraphicData>
          <texPath>Things/Pawn/Animal/Monkey/Dessicated_Monkey</texPath>
          <drawSize>1.5</drawSize>
        </dessicatedBodyGraphicData>
      </li>
    </lifeStages>
  </PawnKindDef>

</Defs>