﻿<?xml version="1.0" encoding="utf-8" ?>
<Defs>


  <ThingDef ParentName="AnimalThingBase">
    <defName>Thrumbo</defName>
    <label>thrumbo</label>
    <devNote>misc</devNote>
    <description>A gigantic, graceful creature of unknown origin. The thrumbo is gentle by nature, but extremely dangerous when enraged. While its long fur is exceptionally beautiful, its hide is also incredibly resistant to damage. Its razor-sharp horn fetches a huge price.\n\nLegends say that an old thrumbo is the wisest creature in the universe - it simply chooses not to speak.</description>
    <statBases>
      <MoveSpeed>5.5</MoveSpeed>
      <MarketValue>4000</MarketValue>
      <ComfyTemperatureMin>-65</ComfyTemperatureMin>
      <ComfyTemperatureMax>50</ComfyTemperatureMax>
      <ArmorRating_Sharp>0.60</ArmorRating_Sharp>
      <ArmorRating_Blunt>0.40</ArmorRating_Blunt>
      <ArmorRating_Heat>0.30</ArmorRating_Heat>
      <FilthRate>8</FilthRate>
      <CaravanRidingSpeedFactor>1.6</CaravanRidingSpeedFactor>
    </statBases>
    <uiIconScale>1.75</uiIconScale>
    <tools>
      <li>
        <label>horn</label>
        <capacities>
          <li>Scratch</li>
          <li>Stab</li>
        </capacities>
        <power>23</power>
        <cooldownTime>2</cooldownTime>
        <linkedBodyPartsGroup>HornAttackTool</linkedBodyPartsGroup>
      </li>
      <li>
        <capacities>
          <li>Bite</li>
        </capacities>
        <power>28</power>
        <cooldownTime>2.6</cooldownTime>
        <linkedBodyPartsGroup>Teeth</linkedBodyPartsGroup>
        <chanceFactor>0.7</chanceFactor>
      </li>
      <li>
        <label>left foot</label>
        <capacities>
          <li>Blunt</li>
        </capacities>
        <power>19</power>
        <cooldownTime>2</cooldownTime>
        <linkedBodyPartsGroup>FrontLeftLeg</linkedBodyPartsGroup>
      </li>
      <li>
        <label>right foot</label>
        <capacities>
          <li>Blunt</li>
        </capacities>
        <power>19</power>
        <cooldownTime>2</cooldownTime>
        <linkedBodyPartsGroup>FrontRightLeg</linkedBodyPartsGroup>
      </li>
      <li>
        <label>head</label>
        <capacities>
          <li>Blunt</li>
        </capacities>
        <power>17</power>
        <cooldownTime>2</cooldownTime>
        <linkedBodyPartsGroup>HeadAttackTool</linkedBodyPartsGroup>
        <ensureLinkedBodyPartsGroupAlwaysUsable>true</ensureLinkedBodyPartsGroupAlwaysUsable>
        <chanceFactor>0.2</chanceFactor>
      </li>
    </tools>
    <race>
      <body>QuadrupedAnimalWithHoovesAndHorn</body>
      <herdMigrationAllowed>false</herdMigrationAllowed>
      <baseBodySize>4</baseBodySize>
      <baseHungerRate>1.75</baseHungerRate>
      <baseHealthScale>8.0</baseHealthScale>
      <foodType>VegetarianRoughAnimal, DendrovoreAnimal</foodType>
      <leatherDef>Leather_Thrumbo</leatherDef>
      <trainability>Advanced</trainability>
      <gestationPeriodDays>20</gestationPeriodDays>
      <manhunterOnDamageChance>1.00</manhunterOnDamageChance>
      <wildness>0.985</wildness>
      <lifeExpectancy>220</lifeExpectancy>
      <willNeverEat>
        <li MayRequire="Ludeon.RimWorld.Royalty">Plant_TreeAnima</li>
      </willNeverEat>
      <lifeStageAges>
        <li>
          <def>AnimalBaby</def>
          <minAge>0</minAge>
        </li>
        <li>
          <def>AnimalJuvenile</def>
          <minAge>0.75</minAge>
        </li>
        <li>
          <def>AnimalAdult</def>
          <minAge>1.332</minAge>
          <soundCall>Pawn_Thrumbo_Call</soundCall>
          <soundAngry>Pawn_Thrumbo_Angry</soundAngry>
          <soundWounded>Pawn_Thrumbo_Pain</soundWounded>
          <soundDeath>Pawn_Thrumbo_Death</soundDeath>
        </li>
      </lifeStageAges>
      <soundMeleeHitPawn>Pawn_Melee_BigBash_HitPawn</soundMeleeHitPawn>
      <soundMeleeHitBuilding>Pawn_Melee_BigBash_HitBuilding</soundMeleeHitBuilding>
      <soundMeleeMiss>Pawn_Melee_BigBash_Miss</soundMeleeMiss>
    </race>
    <tradeTags>
      <li>AnimalExotic</li>
    </tradeTags>
  </ThingDef>

  <PawnKindDef ParentName="AnimalKindBase">
    <defName>Thrumbo</defName>
    <label>thrumbo</label>
    <race>Thrumbo</race>
    <combatPower>500</combatPower>
    <canArriveManhunter>false</canArriveManhunter>
    <ecoSystemWeight>1</ecoSystemWeight>
    <lifeStages>
      <li>
        <label>thrumbo calf</label>
        <labelPlural>thrumbo calves</labelPlural>
        <bodyGraphicData>
          <texPath>Things/Pawn/Animal/Thrumbo/Thrumbo</texPath>
          <drawSize>2.5</drawSize>
          <shadowData>
            <volume>(0.4, 0.3, 0.3)</volume>
            <offset>(0,0,-0.2)</offset>
          </shadowData>
        </bodyGraphicData>
        <dessicatedBodyGraphicData>
          <texPath>Things/Pawn/Animal/Thrumbo/Dessicated_Thrumbo</texPath>
          <drawSize>2.5</drawSize>
        </dessicatedBodyGraphicData>
      </li>
      <li>
        <bodyGraphicData>
          <texPath>Things/Pawn/Animal/Thrumbo/Thrumbo</texPath>
          <drawSize>4.0</drawSize>
          <shadowData>
            <volume>(0.7, 0.6, 0.4)</volume>
            <offset>(0,0,-0.25)</offset>
          </shadowData>
        </bodyGraphicData>
        <dessicatedBodyGraphicData>
          <texPath>Things/Pawn/Animal/Thrumbo/Dessicated_Thrumbo</texPath>
          <drawSize>4.0</drawSize>
        </dessicatedBodyGraphicData>
      </li>
      <li>
        <bodyGraphicData>
          <texPath>Things/Pawn/Animal/Thrumbo/Thrumbo</texPath>
          <drawSize>4.8</drawSize>
          <shadowData>
            <volume>(1, 0.8, 0.5)</volume>
            <offset>(0,0,-0.5)</offset>
          </shadowData>
        </bodyGraphicData>
        <dessicatedBodyGraphicData>
          <texPath>Things/Pawn/Animal/Thrumbo/Dessicated_Thrumbo</texPath>
          <drawSize>4.8</drawSize>
        </dessicatedBodyGraphicData>
        <butcherBodyPart>
          <bodyPartGroup>HornAttackTool</bodyPartGroup>
          <thing>ThrumboHorn</thing>
        </butcherBodyPart>
      </li>
    </lifeStages>
  </PawnKindDef>

  <!--=========================================================-->

  <ThingDef ParentName="AnimalThingBase">
    <defName>Cobra</defName>
    <label>cobra</label>
    <devNote>misc</devNote>
    <description>A large predatory snake. Cobras can be highly aggressive if provoked, and their bite injects toxic venom into the victim.</description>
    <statBases>
      <MoveSpeed>3.5</MoveSpeed>
      <MarketValue>150</MarketValue>
      <ComfyTemperatureMin>0</ComfyTemperatureMin>
      <ComfyTemperatureMax>60</ComfyTemperatureMax>
    </statBases>
    <uiIconScale>1.1</uiIconScale>
    <tools>
      <li>
        <label>venom-fangs</label>
        <capacities>
          <li>ToxicBite</li>
        </capacities>
        <power>12</power>
        <cooldownTime>2</cooldownTime>
        <linkedBodyPartsGroup>Mouth</linkedBodyPartsGroup>
        <surpriseAttack>
          <extraMeleeDamages>
            <li>
              <def>Stun</def>
              <amount>14</amount>
            </li>
          </extraMeleeDamages>
        </surpriseAttack>
      </li>
      <li>
        <label>head</label>
        <capacities>
          <li>Blunt</li>
        </capacities>
        <power>3</power>
        <cooldownTime>2</cooldownTime>
        <linkedBodyPartsGroup>HeadAttackTool</linkedBodyPartsGroup>
        <ensureLinkedBodyPartsGroupAlwaysUsable>true</ensureLinkedBodyPartsGroupAlwaysUsable>
        <chanceFactor>0.2</chanceFactor>
      </li>
    </tools>
    <comps>
      <li Class="CompProperties_EggLayer">
        <eggFertilizedDef>EggCobraFertilized</eggFertilizedDef>
        <eggFertilizationCountMax>1</eggFertilizationCountMax>
        <eggLayIntervalDays>10</eggLayIntervalDays>
        <eggProgressUnfertilizedMax>0.5</eggProgressUnfertilizedMax>
        <eggCountRange>1~2</eggCountRange>
      </li>
    </comps>
    <race>
      <body>Snake</body>
      <predator>true</predator>
      <maxPreyBodySize>0.35</maxPreyBodySize>
      <baseBodySize>0.25</baseBodySize>
      <baseHungerRate>0.07</baseHungerRate>
      <baseHealthScale>0.5</baseHealthScale>
      <foodType>CarnivoreAnimal, OvivoreAnimal</foodType>
      <leatherDef>Leather_Lizard</leatherDef>
      <meatLabel>cobra meat</meatLabel>
      <wildness>0.75</wildness>
      <petness>0.05</petness>
      <manhunterOnTameFailChance>0.10</manhunterOnTameFailChance>
      <manhunterOnDamageChance>0.50</manhunterOnDamageChance>
      <nameOnTameChance>1</nameOnTameChance>
      <lifeExpectancy>20</lifeExpectancy>
      <lifeStageAges>
        <li>
          <def>AnimalBaby</def>
          <minAge>0</minAge>
        </li>
        <li>
          <def>AnimalJuvenile</def>
          <minAge>0.15</minAge>
        </li>
        <li>
          <def>AnimalAdult</def>
          <minAge>0.5</minAge>
          <soundWounded>Pawn_Cobra_Wounded</soundWounded>
          <soundDeath>Pawn_Cobra_Death</soundDeath>
          <soundCall>Pawn_Cobra_Call</soundCall>
          <soundAngry>Pawn_Cobra_Angry</soundAngry>
        </li>
      </lifeStageAges>
      <soundMeleeHitPawn>Pawn_Melee_SmallScratch_HitPawn</soundMeleeHitPawn>
      <soundMeleeHitBuilding>Pawn_Melee_SmallScratch_HitBuilding</soundMeleeHitBuilding>
      <soundMeleeMiss>Pawn_Melee_SmallScratch_Miss</soundMeleeMiss>
    </race>
    <tradeTags>
      <li>AnimalUncommon</li>
      <li>AnimalFighter</li>
    </tradeTags>
  </ThingDef>

  <PawnKindDef ParentName="AnimalKindBase">
    <defName>Cobra</defName>
    <label>cobra</label>
    <race>Cobra</race>
    <combatPower>65</combatPower>
    <ecoSystemWeight>0.25</ecoSystemWeight>
    <lifeStages>
      <li>
        <bodyGraphicData>
          <texPath>Things/Pawn/Animal/Cobra/Cobra</texPath>
          <drawSize>1</drawSize>
        </bodyGraphicData>
        <dessicatedBodyGraphicData>
          <texPath>Things/Pawn/Animal/Cobra/Dessicated_Cobra</texPath>
          <drawSize>1</drawSize>
        </dessicatedBodyGraphicData>
      </li>
      <li>
        <bodyGraphicData>
          <texPath>Things/Pawn/Animal/Cobra/Cobra</texPath>
          <drawSize>1.25</drawSize>
        </bodyGraphicData>
        <dessicatedBodyGraphicData>
          <texPath>Things/Pawn/Animal/Cobra/Dessicated_Cobra</texPath>
          <drawSize>1.25</drawSize>
        </dessicatedBodyGraphicData>
      </li>
      <li>
        <bodyGraphicData>
          <texPath>Things/Pawn/Animal/Cobra/Cobra</texPath>
          <drawSize>1.5</drawSize>
        </bodyGraphicData>
        <dessicatedBodyGraphicData>
          <texPath>Things/Pawn/Animal/Cobra/Dessicated_Cobra</texPath>
          <drawSize>1.5</drawSize>
        </dessicatedBodyGraphicData>
      </li>
    </lifeStages>
  </PawnKindDef>

  <!--=========================================================-->

  <ThingDef ParentName="AnimalThingBase">
    <defName>Tortoise</defName>
    <label>tortoise</label>
    <devNote>misc</devNote>
    <description>This heavily armored land-dwelling reptile is known for its slow moving speed and surprisingly vicious bite. Because of its natural armor, it is tough to kill and can do serious damage during drawn-out melee fights.</description>
    <statBases>
      <MoveSpeed>1.0</MoveSpeed>
      <MarketValue>200</MarketValue>
      <ArmorRating_Blunt>0.35</ArmorRating_Blunt>
      <ArmorRating_Sharp>0.50</ArmorRating_Sharp>
      <ComfyTemperatureMin>0</ComfyTemperatureMin>
      <ComfyTemperatureMax>50</ComfyTemperatureMax>
    </statBases>
    <uiIconScale>1.25</uiIconScale>
    <tools>
      <li>
        <label>beak</label>
        <capacities>
          <li>Bite</li>
        </capacities>
        <power>8</power>
        <cooldownTime>2.6</cooldownTime>
        <linkedBodyPartsGroup>TurtleBeakAttackTool</linkedBodyPartsGroup>
      </li>
      <li>
        <label>head</label>
        <capacities>
          <li>Blunt</li>
        </capacities>
        <power>3</power>
        <cooldownTime>2.6</cooldownTime>
        <linkedBodyPartsGroup>HeadAttackTool</linkedBodyPartsGroup>
        <ensureLinkedBodyPartsGroupAlwaysUsable>true</ensureLinkedBodyPartsGroupAlwaysUsable>
        <chanceFactor>0.2</chanceFactor>
      </li>
    </tools>
    <comps>
      <li Class="CompProperties_EggLayer">
        <eggFertilizedDef>EggTortoiseFertilized</eggFertilizedDef>
        <eggFertilizationCountMax>1</eggFertilizationCountMax>
        <eggLayIntervalDays>6.66</eggLayIntervalDays>
        <eggProgressUnfertilizedMax>0.5</eggProgressUnfertilizedMax>
        <eggCountRange>1~3</eggCountRange>
      </li>
    </comps>
    <race>
      <body>TurtleLike</body>
      <baseBodySize>0.5</baseBodySize>
      <baseHungerRate>0.0825</baseHungerRate>
      <baseHealthScale>0.6</baseHealthScale>
      <foodType>OmnivoreRoughAnimal</foodType>
      <leatherDef>Leather_Lizard</leatherDef>
      <wildness>0.75</wildness>
      <lifeExpectancy>180</lifeExpectancy>
      <lifeStageAges>
        <li>
          <def>AnimalBaby</def>
          <minAge>0</minAge>
        </li>
        <li>
          <def>AnimalJuvenile</def>
          <minAge>0.15</minAge>
        </li>
        <li>
          <def>AnimalAdult</def>
          <minAge>0.2222</minAge>
          <soundWounded>Pawn_Tortoise_Wounded</soundWounded>
          <soundDeath>Pawn_Tortoise_Death</soundDeath>
          <soundCall>Pawn_Tortoise_Call</soundCall>
          <soundAngry>Pawn_Tortoise_Angry</soundAngry>
        </li>
      </lifeStageAges>
      <soundMeleeHitPawn>Pawn_Melee_SmallScratch_HitPawn</soundMeleeHitPawn>
      <soundMeleeHitBuilding>Pawn_Melee_SmallScratch_HitBuilding</soundMeleeHitBuilding>
      <soundMeleeMiss>Pawn_Melee_SmallScratch_Miss</soundMeleeMiss>
    </race>
    <tradeTags>
      <li>AnimalUncommon</li>
    </tradeTags>
  </ThingDef>

  <PawnKindDef ParentName="AnimalKindBase">
    <defName>Tortoise</defName>
    <label>tortoise</label>
    <race>Tortoise</race>
    <combatPower>70</combatPower>
    <ecoSystemWeight>0.40</ecoSystemWeight>
    <lifeStages>
      <li>
        <bodyGraphicData>
          <texPath>Things/Pawn/Animal/Tortoise/Tortoise</texPath>
          <drawSize>0.9</drawSize>
        </bodyGraphicData>
        <dessicatedBodyGraphicData>
          <texPath>Things/Pawn/Animal/Tortoise/Dessicated_Tortoise</texPath>
          <drawSize>0.9</drawSize>
        </dessicatedBodyGraphicData>
      </li>
      <li>
        <bodyGraphicData>
          <texPath>Things/Pawn/Animal/Tortoise/Tortoise</texPath>
          <drawSize>1.2</drawSize>
        </bodyGraphicData>
        <dessicatedBodyGraphicData>
          <texPath>Things/Pawn/Animal/Tortoise/Dessicated_Tortoise</texPath>
          <drawSize>1.2</drawSize>
        </dessicatedBodyGraphicData>
      </li>
      <li>
        <bodyGraphicData>
          <texPath>Things/Pawn/Animal/Tortoise/Tortoise</texPath>
          <drawSize>1.5</drawSize>
          <shadowData>
            <volume>(0.45, 0.45, 0.45)</volume>
            <offset>(0,0,0)</offset>
          </shadowData>
        </bodyGraphicData>
        <dessicatedBodyGraphicData>
          <texPath>Things/Pawn/Animal/Tortoise/Dessicated_Tortoise</texPath>
          <drawSize>1.5</drawSize>
        </dessicatedBodyGraphicData>
      </li>
    </lifeStages>
  </PawnKindDef>


  <!-- ====================================================== -->

  <ThingDef ParentName="AnimalThingBase">
    <defName>Alphabeaver</defName>
    <label>alphabeaver</label>
    <devNote>misc</devNote>
    <description>A large beaver-like creature genetically engineered to harvest wood with machine-like efficiency. In the absence of specialized feed, these animals will enter a manic state that compels them to eat trees whole, and are likely to attack if disturbed.</description>
    <statBases>
      <MoveSpeed>3.7</MoveSpeed>
      <MarketValue>250</MarketValue>
      <ComfyTemperatureMin>-40</ComfyTemperatureMin>
      <FilthRate>8</FilthRate>
    </statBases>
    <uiIconScale>1.25</uiIconScale>
    <tools>
      <li>
        <label>left claw</label>
        <capacities>
          <li>Scratch</li>
        </capacities>
        <power>7.2</power>
        <cooldownTime>2</cooldownTime>
        <linkedBodyPartsGroup>FrontLeftPaw</linkedBodyPartsGroup>
      </li>
      <li>
        <label>right claw</label>
        <capacities>
          <li>Scratch</li>
        </capacities>
        <power>7.2</power>
        <cooldownTime>2</cooldownTime>
        <linkedBodyPartsGroup>FrontRightPaw</linkedBodyPartsGroup>
      </li>
      <li>
        <capacities>
          <li>Bite</li>
        </capacities>
        <power>8.5</power>
        <cooldownTime>2</cooldownTime>
        <linkedBodyPartsGroup>Teeth</linkedBodyPartsGroup>
        <chanceFactor>0.7</chanceFactor>
      </li>
      <li>
        <label>head</label>
        <capacities>
          <li>Blunt</li>
        </capacities>
        <power>3</power>
        <cooldownTime>2</cooldownTime>
        <linkedBodyPartsGroup>HeadAttackTool</linkedBodyPartsGroup>
        <ensureLinkedBodyPartsGroupAlwaysUsable>true</ensureLinkedBodyPartsGroupAlwaysUsable>
        <chanceFactor>0.2</chanceFactor>
      </li>
    </tools>
    <race>
      <body>QuadrupedAnimalWithPawsAndTail</body>
      <herdAnimal>true</herdAnimal>
      <baseBodySize>0.45</baseBodySize>
      <baseHungerRate>3.0</baseHungerRate>
      <baseHealthScale>0.7</baseHealthScale>
      <foodType>DendrovoreAnimal</foodType>
      <leatherDef>Leather_Light</leatherDef>
      <wildness>0.75</wildness>
      <gestationPeriodDays>8.5</gestationPeriodDays>
      <manhunterOnTameFailChance>0.10</manhunterOnTameFailChance>
      <manhunterOnDamageChance>0.50</manhunterOnDamageChance>
      <litterSizeCurve>
        <points>
          <li>(0.5, 0)</li>
          <li>(1, 1)</li>
          <li>(3, 1)</li>
          <li>(3.5, 0)</li>
        </points>
      </litterSizeCurve>
      <lifeExpectancy>12</lifeExpectancy>
      <lifeStageAges>
        <li>
          <def>AnimalBaby</def>
          <minAge>0</minAge>
        </li>
        <li>
          <def>AnimalJuvenile</def>
          <minAge>0.10</minAge>
        </li>
        <li>
          <def>AnimalAdult</def>
          <minAge>0.3333</minAge>
          <soundWounded>Pawn_Alphabeaver_Wounded</soundWounded>
          <soundDeath>Pawn_Alphabeaver_Death</soundDeath>
          <soundCall>Pawn_Alphabeaver_Call</soundCall>
          <soundAngry>Pawn_Alphabeaver_Angry</soundAngry>
        </li>
      </lifeStageAges>
      <soundMeleeHitPawn>Pawn_Melee_BigBash_HitPawn</soundMeleeHitPawn>
      <soundMeleeHitBuilding>Pawn_Melee_BigBash_HitBuilding</soundMeleeHitBuilding>
      <soundMeleeMiss>Pawn_Melee_BigBash_Miss</soundMeleeMiss>
    </race>
    <tradeTags>
      <li>AnimalUncommon</li>
    </tradeTags>
  </ThingDef>

  <PawnKindDef ParentName="AnimalKindBase">
    <defName>Alphabeaver</defName>
    <label>alphabeaver</label>
    <race>Alphabeaver</race>
    <combatPower>40</combatPower>
    <ecoSystemWeight>0.5</ecoSystemWeight>
    <wildGroupSize>3~9</wildGroupSize>
    <lifeStages>
      <li>
        <bodyGraphicData>
          <texPath>Things/Pawn/Animal/Beaver/Beaver</texPath>
          <drawSize>1</drawSize>
        </bodyGraphicData>
        <dessicatedBodyGraphicData>
          <texPath>Things/Pawn/Animal/Beaver/Dessicated_Beaver</texPath>
          <drawSize>1</drawSize>
        </dessicatedBodyGraphicData>
      </li>
      <li>
        <bodyGraphicData>
          <texPath>Things/Pawn/Animal/Beaver/Beaver</texPath>
          <drawSize>1.25</drawSize>
        </bodyGraphicData>
        <dessicatedBodyGraphicData>
          <texPath>Things/Pawn/Animal/Beaver/Dessicated_Beaver</texPath>
          <drawSize>1.25</drawSize>
        </dessicatedBodyGraphicData>
      </li>
      <li>
        <bodyGraphicData>
          <texPath>Things/Pawn/Animal/Beaver/Beaver</texPath>
          <drawSize>1.5</drawSize>
          <shadowData>
            <volume>(0.35, 0.4, 0.3)</volume>
            <offset>(0,0,-0.08)</offset>
          </shadowData>
        </bodyGraphicData>
        <dessicatedBodyGraphicData>
          <texPath>Things/Pawn/Animal/Beaver/Dessicated_Beaver</texPath>
          <drawSize>1.5</drawSize>
        </dessicatedBodyGraphicData>
      </li>
    </lifeStages>
  </PawnKindDef>

</Defs>