﻿<?xml version="1.0" encoding="utf-8" ?>
<Defs>

  <ThingDef Abstract="True" ParentName="AnimalThingBase" Name="BaseInsect">
    <devNote>insect</devNote>
    <statBases>
      <ToxicSensitivity>0</ToxicSensitivity>
      <ComfyTemperatureMax>60</ComfyTemperatureMax>
    </statBases>
    <race>
      <fleshType>Insectoid</fleshType>
      <bloodDef>Filth_BloodInsect</bloodDef>
      <meatColor>(160,168,139)</meatColor>
      <meatMarketValue>0.5</meatMarketValue>
      <foodType>OmnivoreAnimal, AnimalProduct</foodType>
      <manhunterOnDamageChance>0.50</manhunterOnDamageChance>
      <manhunterOnTameFailChance>0.10</manhunterOnTameFailChance>
    </race>
    <ingredient>
      <mergeCompatibilityTags>
        <li MayRequire="Ludeon.RimWorld.Ideology">InsectMeat</li>
      </mergeCompatibilityTags>
    </ingredient>
    <receivesSignals>true</receivesSignals>
    <comps>
      <li Class="CompProperties_CanBeDormant" />
      <li Class="CompProperties_WakeUpDormant">
        <wakeUpOnDamage>true</wakeUpOnDamage>
      </li>
    </comps>
  </ThingDef>

  <!-- ====================================================== -->

  <ThingDef ParentName="BaseInsect">
    <defName>Megascarab</defName>
    <label>megascarab</label>
    <description>A large, genetically-engineered beetle. Once the worker caste of an artificial ecosystem of insectoids designed to fight mechanoid invasions, it is now often seen without its deadlier insectoid cousins. Still, its size and hard shell make it dangerous when it attacks. A eusocial creature, it cannot reproduce individually.</description>
    <statBases>
      <MoveSpeed>3.75</MoveSpeed>
      <ArmorRating_Blunt>0.18</ArmorRating_Blunt>
      <ArmorRating_Sharp>0.72</ArmorRating_Sharp>
      <ComfyTemperatureMin>0</ComfyTemperatureMin>
      <MarketValue>100</MarketValue>
      <LeatherAmount>0</LeatherAmount>
    </statBases>
    <uiIconScale>2</uiIconScale>
    <tools>
      <li>
        <label>mandibles</label>
        <capacities>
          <li>Bite</li>
        </capacities>
        <power>5</power>
        <cooldownTime>2</cooldownTime>
        <linkedBodyPartsGroup>Mouth</linkedBodyPartsGroup>
      </li>
      <li>
        <label>head</label>
        <capacities>
          <li>Blunt</li>
        </capacities>
        <power>4</power>
        <cooldownTime>2</cooldownTime>
        <linkedBodyPartsGroup>HeadAttackTool</linkedBodyPartsGroup>
        <ensureLinkedBodyPartsGroupAlwaysUsable>true</ensureLinkedBodyPartsGroupAlwaysUsable>
        <chanceFactor>0.1</chanceFactor>
      </li>
    </tools>
    <race>
      <body>BeetleLike</body>
      <baseBodySize>0.2</baseBodySize>
      <baseHungerRate>0.10</baseHungerRate>
      <baseHealthScale>0.4</baseHealthScale>
      <useMeatFrom>Megaspider</useMeatFrom>
      <lifeExpectancy>10</lifeExpectancy>
      <wildness>0.2</wildness>
      <trainability>Intermediate</trainability>
      <lifeStageAges>
        <li>
          <def>EusocialInsectLarva</def>
          <minAge>0</minAge>
        </li>
        <li>
          <def>EusocialInsectJuvenile</def>
          <minAge>0.03</minAge>
        </li>
        <li>
          <def>EusocialInsectAdult</def>
          <minAge>0.4</minAge>
          <soundWounded>Pawn_Megascarab_Wounded</soundWounded>
          <soundDeath>Pawn_Megascarab_Death</soundDeath>
          <soundCall>Pawn_Megascarab_Call</soundCall>
          <soundAngry>Pawn_Megascarab_Angry</soundAngry>
        </li>
      </lifeStageAges>
      <soundMeleeHitPawn>Pawn_Melee_SmallScratch_HitPawn</soundMeleeHitPawn>
      <soundMeleeHitBuilding>Pawn_Melee_SmallScratch_HitBuilding</soundMeleeHitBuilding>
      <soundMeleeMiss>Pawn_Melee_SmallScratch_Miss</soundMeleeMiss>
    </race>
    <tradeTags>
      <li>AnimalInsect</li>
    </tradeTags>
  </ThingDef>
  
  <PawnKindDef ParentName="AnimalKindBase">
    <defName>Megascarab</defName>
    <label>megascarab</label>
    <race>Megascarab</race>
    <combatPower>40</combatPower>
    <canArriveManhunter>false</canArriveManhunter>
    <ecoSystemWeight>0.15</ecoSystemWeight>
    <lifeStages>
      <li>
        <bodyGraphicData>
          <texPath>Things/Pawn/Animal/Megascarab/Megascarab</texPath>
          <drawSize>1</drawSize>
          <color>(114,107,84)</color>
        </bodyGraphicData>
        <dessicatedBodyGraphicData>
          <texPath>Things/Pawn/Animal/Megascarab/Dessicated_Megascarab</texPath>
          <drawSize>1</drawSize>
        </dessicatedBodyGraphicData>
      </li>
      <li>
        <bodyGraphicData>
          <texPath>Things/Pawn/Animal/Megascarab/Megascarab</texPath>
          <drawSize>1.25</drawSize>
          <color>(114,107,84)</color>
        </bodyGraphicData>
        <dessicatedBodyGraphicData>
          <texPath>Things/Pawn/Animal/Megascarab/Dessicated_Megascarab</texPath>
          <drawSize>1.25</drawSize>
        </dessicatedBodyGraphicData>
      </li>
      <li>
        <bodyGraphicData>
          <texPath>Things/Pawn/Animal/Megascarab/Megascarab</texPath>
          <drawSize>1.5</drawSize>
          <color>(114,107,84)</color>
          <shadowData>
            <volume>(0.2, 0.3, 0.2)</volume>
            <offset>(0,0,0)</offset>
          </shadowData>
        </bodyGraphicData>
        <dessicatedBodyGraphicData>
          <texPath>Things/Pawn/Animal/Megascarab/Dessicated_Megascarab</texPath>
          <drawSize>1.5</drawSize>
        </dessicatedBodyGraphicData>
      </li>
    </lifeStages>
  </PawnKindDef>
  
  <!-- ====================================================== -->

  <ThingDef ParentName="BaseInsect">
    <defName>Spelopede</defName>
    <label>spelopede</label>
    <description>A medium-sized bioengineered insectoid the size of a sheep. The spelopede is the middle caste of a hive, taking care of most work tasks as well as fighting with its digging claws. It's dangerous in combat, but slow on open ground.</description>
    <statBases>
      <MoveSpeed>3.65</MoveSpeed>
      <ComfyTemperatureMin>-25</ComfyTemperatureMin>
      <MarketValue>200</MarketValue>
      <LeatherAmount>0</LeatherAmount>
      <ArmorRating_Blunt>0.18</ArmorRating_Blunt>
      <ArmorRating_Sharp>0.18</ArmorRating_Sharp>
    </statBases>
    <uiIconScale>1.1</uiIconScale>
    <tools>
      <li>
        <label>head claw</label>
        <capacities>
          <li>Cut</li>
        </capacities>
        <power>7</power>
        <cooldownTime>2</cooldownTime>
        <linkedBodyPartsGroup>HeadClaw</linkedBodyPartsGroup>
      </li>
      <li>
        <label>head</label>
        <capacities>
          <li>Blunt</li>
        </capacities>
        <power>6</power>
        <cooldownTime>2</cooldownTime>
        <linkedBodyPartsGroup>HeadAttackTool</linkedBodyPartsGroup>
        <ensureLinkedBodyPartsGroupAlwaysUsable>true</ensureLinkedBodyPartsGroupAlwaysUsable>
        <chanceFactor>0.2</chanceFactor>
      </li>
    </tools>
    <race>
      <body>BeetleLikeWithClaw</body>
      <baseHungerRate>0.25</baseHungerRate>
      <baseBodySize>0.8</baseBodySize>
      <baseHealthScale>1.7</baseHealthScale>
      <gestationPeriodDays>6</gestationPeriodDays>
      <useMeatFrom>Megaspider</useMeatFrom>
      <lifeExpectancy>6</lifeExpectancy>
      <wildness>0.3</wildness>
      <trainability>Advanced</trainability>
      <lifeStageAges>
        <li>
          <def>EusocialInsectLarva</def>
          <minAge>0</minAge>
        </li>
        <li>
          <def>EusocialInsectJuvenile</def>
          <minAge>0.03</minAge>
        </li>
        <li>
          <def>EusocialInsectAdult</def>
          <minAge>0.2</minAge>
          <soundWounded>Pawn_Spelopede_Pain</soundWounded>
          <soundDeath>Pawn_Spelopede_Death</soundDeath>
          <soundCall>Pawn_Spelopede_Call</soundCall>
          <soundAngry>Pawn_Spelopede_Angry</soundAngry>
        </li>
      </lifeStageAges>
      <soundMeleeHitPawn>Pawn_Melee_SmallScratch_HitPawn</soundMeleeHitPawn>
      <soundMeleeHitBuilding>Pawn_Melee_SmallScratch_HitBuilding</soundMeleeHitBuilding>
      <soundMeleeMiss>Pawn_Melee_SmallScratch_Miss</soundMeleeMiss>
    </race>
    <tradeTags>
      <li>AnimalInsect</li>
    </tradeTags>
  </ThingDef>

  <PawnKindDef ParentName="AnimalKindBase">
    <defName>Spelopede</defName>
    <label>spelopede</label>
    <race>Spelopede</race>
    <combatPower>75</combatPower>
    <canArriveManhunter>false</canArriveManhunter>
    <ecoSystemWeight>0.35</ecoSystemWeight>
    <lifeStages>
      <li>
        <bodyGraphicData>
          <texPath>Things/Pawn/Animal/Spelopede/Spelopede</texPath>
          <drawSize>1</drawSize>
          <color>(156,148,125)</color>
        </bodyGraphicData>
        <dessicatedBodyGraphicData>
          <texPath>Things/Pawn/Animal/Spelopede/Dessicated_Spelopede</texPath>
          <drawSize>1</drawSize>
        </dessicatedBodyGraphicData>
      </li>
      <li>
        <bodyGraphicData>
          <texPath>Things/Pawn/Animal/Spelopede/Spelopede</texPath>
          <drawSize>1.25</drawSize>
          <color>(156,148,125)</color>
        </bodyGraphicData>
        <dessicatedBodyGraphicData>
          <texPath>Things/Pawn/Animal/Spelopede/Dessicated_Spelopede</texPath>
          <drawSize>1.25</drawSize>
        </dessicatedBodyGraphicData>
      </li>
      <li>
        <bodyGraphicData>
          <texPath>Things/Pawn/Animal/Spelopede/Spelopede</texPath>
          <drawSize>1.65</drawSize>
          <color>(156,148,125)</color>
          <shadowData>
            <volume>(0.4, 0.5, 0.37)</volume>
            <offset>(0,0,-0.15)</offset>
          </shadowData>
        </bodyGraphicData>
        <dessicatedBodyGraphicData>
          <texPath>Things/Pawn/Animal/Spelopede/Dessicated_Spelopede</texPath>
          <drawSize>1.65</drawSize>
        </dessicatedBodyGraphicData>
      </li>
    </lifeStages>
  </PawnKindDef>
  
  <!-- ====================================================== -->

  <ThingDef ParentName="BaseInsect">
    <defName>Megaspider</defName>
    <label>megaspider</label>
    <description>Not actually a spider, the megaspider is a genetically-engineered giant insectoid the size of a bear. Designed for heavy work and combat, its thick chitinous armor makes it hard to kill, while its long ripper-blades make it deadly at close quarters. It is, however, quite slow in open terrain.</description>
    <statBases>
      <MoveSpeed>3.60</MoveSpeed>
      <ComfyTemperatureMin>-40</ComfyTemperatureMin>
      <MarketValue>500</MarketValue>
      <LeatherAmount>0</LeatherAmount>
      <ArmorRating_Blunt>0.18</ArmorRating_Blunt>
      <ArmorRating_Sharp>0.27</ArmorRating_Sharp>
    </statBases>
    <uiIconScale>1.15</uiIconScale>
    <tools>
      <li>
        <label>head claw</label>
        <capacities>
          <li>Cut</li>
        </capacities>
        <power>12</power>
        <cooldownTime>2.6</cooldownTime>
        <linkedBodyPartsGroup>HeadClaw</linkedBodyPartsGroup>
      </li>
      <li>
        <label>head</label>
        <capacities>
          <li>Blunt</li>
        </capacities>
        <power>7</power>
        <cooldownTime>2</cooldownTime>
        <linkedBodyPartsGroup>HeadAttackTool</linkedBodyPartsGroup>
        <ensureLinkedBodyPartsGroupAlwaysUsable>true</ensureLinkedBodyPartsGroupAlwaysUsable>
        <chanceFactor>0.2</chanceFactor>
      </li>
    </tools>
    <race>
      <body>BeetleLikeWithClaw</body>
      <baseHungerRate>0.35</baseHungerRate>
      <baseBodySize>1.2</baseBodySize>
      <baseHealthScale>2.5</baseHealthScale>
      <gestationPeriodDays>6</gestationPeriodDays>
      <meatLabel>insect meat</meatLabel>
      <lifeExpectancy>6</lifeExpectancy>
      <wildness>0.4</wildness>
      <trainability>Advanced</trainability>
      <lifeStageAges>
        <li>
          <def>EusocialInsectLarva</def>
          <minAge>0</minAge>
        </li>
        <li>
          <def>EusocialInsectJuvenile</def>
          <minAge>0.03</minAge>
        </li>
        <li>
          <def>EusocialInsectAdult</def>
          <minAge>0.2</minAge>
          <soundWounded>Pawn_BigInsect_Pain</soundWounded>
          <soundDeath>Pawn_BigInsect_Death</soundDeath>
          <soundCall>Pawn_BigInsect_Call</soundCall>
          <soundAngry>Pawn_BigInsect_Angry</soundAngry>
        </li>
      </lifeStageAges>
      <soundMeleeHitPawn>Pawn_Melee_BigBash_HitPawn</soundMeleeHitPawn>
      <soundMeleeHitBuilding>Pawn_Melee_BigBash_HitBuilding</soundMeleeHitBuilding>
      <soundMeleeMiss>Pawn_Melee_BigBash_Miss</soundMeleeMiss>
    </race>
    <tradeTags>
      <li>AnimalInsect</li>
    </tradeTags>
  </ThingDef>

  <PawnKindDef ParentName="AnimalKindBase">
    <defName>Megaspider</defName>
    <label>megaspider</label>
    <race>Megaspider</race>
    <combatPower>150</combatPower>
    <canArriveManhunter>false</canArriveManhunter>
    <ecoSystemWeight>0.50</ecoSystemWeight>
    <lifeStages>
      <li>
        <bodyGraphicData>
          <texPath>Things/Pawn/Animal/Megaspider/Megaspider</texPath>
          <drawSize>1.2</drawSize>
          <color>(154,125,94)</color>
        </bodyGraphicData>
        <dessicatedBodyGraphicData>
          <texPath>Things/Pawn/Animal/Megaspider/Dessicated_Megaspider</texPath>
          <drawSize>1.2</drawSize>
        </dessicatedBodyGraphicData>
      </li>
      <li>
        <bodyGraphicData>
          <texPath>Things/Pawn/Animal/Megaspider/Megaspider</texPath>
          <drawSize>1.6</drawSize>
          <color>(154,125,94)</color>
        </bodyGraphicData>
        <dessicatedBodyGraphicData>
          <texPath>Things/Pawn/Animal/Megaspider/Dessicated_Megaspider</texPath>
          <drawSize>1.6</drawSize>
        </dessicatedBodyGraphicData>
      </li>
      <li>
        <bodyGraphicData>
          <texPath>Things/Pawn/Animal/Megaspider/Megaspider</texPath>
          <drawSize>2.5</drawSize>
          <color>(154,125,94)</color>
          <shadowData>
            <volume>(0.5, 0.7, 0.43)</volume>
            <offset>(0,0,-0.1)</offset>
          </shadowData>
        </bodyGraphicData>
        <dessicatedBodyGraphicData>
          <texPath>Things/Pawn/Animal/Megaspider/Dessicated_Megaspider</texPath>
          <drawSize>2.5</drawSize>
        </dessicatedBodyGraphicData>
      </li>
    </lifeStages>
  </PawnKindDef>


</Defs>
