<?xml version="1.0" encoding="utf-8"?>
<Defs>

  <ThingDef ParentName="ApparelNoQualityBase">
    <defName>Apparel_PsychicShockLance</defName>
    <label>psychic shock lance</label>
    <description>A limited-use psychic effector. It shocks the target's mind with chaotic images, blocking coherent perception and dropping him into a state of psychic shock. There is a risk of brain damage. It has a long range, but requires line of sight.</description>
    <graphicData>
      <texPath>Things/Item/Artifact/PsychicShockLance</texPath>
      <graphicClass>Graphic_Single</graphicClass>
    </graphicData>
    <techLevel>Archotech</techLevel>
    <tradeTags>
      <li>Artifact</li>
    </tradeTags>
    <thingSetMakerTags>
      <li>RewardStandardHighFreq</li>
    </thingSetMakerTags>
    <statBases>
      <Mass>0.5</Mass>
      <EquipDelay>2</EquipDelay>
      <MarketValue>550</MarketValue>
      <MaxHitPoints>80</MaxHitPoints>
    </statBases>
    <tickerType>Normal</tickerType>
    <thingCategories>
      <li>ApparelUtility</li>
    </thingCategories>
    <apparel>
      <countsAsClothingForNudity>false</countsAsClothingForNudity>
      <scoreOffset>4</scoreOffset>
      <careIfWornByCorpse>false</careIfWornByCorpse>
      <careIfDamaged>false</careIfDamaged>
      <ignoredByNonViolent>true</ignoredByNonViolent>
      <wearPerDay>0</wearPerDay>
      <bodyPartGroups>
        <li>Waist</li>
      </bodyPartGroups>
      <layers>
        <li>Belt</li>
      </layers>
    </apparel>
    <resourceReadoutPriority>Middle</resourceReadoutPriority>
    <tradeNeverStack>true</tradeNeverStack>
    <smeltable>false</smeltable>
    <burnableByRecipe>false</burnableByRecipe>
    <drawGUIOverlay>false</drawGUIOverlay>
    <relicChance>3</relicChance>
    <verbs>
      <li>
        <verbClass>Verb_CastTargetEffect</verbClass>
        <label>psychic shock lance</label>
        <hasStandardCommand>true</hasStandardCommand>
        <targetable>true</targetable>
        <onlyManualCast>True</onlyManualCast>
        <range>34.9</range>
        <warmupTime>0.5</warmupTime>
        <targetParams>
          <canTargetBuildings>false</canTargetBuildings>
          <onlyTargetPsychicSensitive>true</onlyTargetPsychicSensitive>
          <neverTargetIncapacitated>true</neverTargetIncapacitated>
        </targetParams>
        <soundCast>PsychicShockLanceCast</soundCast>
      </li>
    </verbs>
    <comps>
      <li Class="CompProperties_Reloadable">
        <maxCharges>2</maxCharges>
        <destroyOnEmpty>true</destroyOnEmpty>
        <hotKey>Misc4</hotKey>
        <chargeNoun>charge</chargeNoun>
        <displayGizmoWhileUndrafted>false</displayGizmoWhileUndrafted>
      </li>
      <li>
        <compClass>CompTargetEffect_PsychicShock</compClass>
      </li>
      <li Class="CompProperties_TargetEffect_BrainDamageChance">
        <brainDamageChance>0.3</brainDamageChance>
      </li>
      <li Class="CompProperties_TargetEffect_GoodwillImpact">
        <goodwillImpact>-200</goodwillImpact>
      </li>
      <li Class="CompProperties_TargetEffect_FleckOnTarget">
        <fleckDef>PsycastPsychicEffect</fleckDef>
      </li>
      <li Class="CompProperties_TargetEffect_FleckConnecting">
        <fleckDef>PsycastPsychicLine</fleckDef>
      </li>
      <li Class="CompProperties_Styleable"></li>
    </comps>
  </ThingDef>

  <ThingDef ParentName="ApparelNoQualityBase">
    <defName>Apparel_PsychicInsanityLance</defName>
    <label>psychic insanity lance</label>
    <description>A limited-use psychic effector. It overwhelms the target's mind with terrifying perceptual distortions, driving him into a berserk state. There is a risk of brain damage. It has a long range, but requires line of sight.</description>
    <graphicData>
      <texPath>Things/Item/Artifact/PsychicInsanityLance</texPath>
      <graphicClass>Graphic_Single</graphicClass>
    </graphicData>
    <techLevel>Archotech</techLevel>
    <tradeTags>
      <li>Artifact</li>
    </tradeTags>
    <thingSetMakerTags>
      <li>RewardStandardHighFreq</li>
    </thingSetMakerTags>
    <statBases>
      <Mass>0.5</Mass>
      <EquipDelay>2</EquipDelay>
      <MarketValue>650</MarketValue>
      <MaxHitPoints>80</MaxHitPoints>
    </statBases>
    <tickerType>Normal</tickerType>
    <thingCategories>
      <li>ApparelUtility</li>
    </thingCategories>
    <apparel>
      <countsAsClothingForNudity>false</countsAsClothingForNudity>
      <scoreOffset>4</scoreOffset>
      <careIfWornByCorpse>false</careIfWornByCorpse>
      <careIfDamaged>false</careIfDamaged>
      <ignoredByNonViolent>true</ignoredByNonViolent>
      <wearPerDay>0</wearPerDay>
      <bodyPartGroups>
        <li>Waist</li>
      </bodyPartGroups>
      <layers>
        <li>Belt</li>
      </layers>
    </apparel>
    <resourceReadoutPriority>Middle</resourceReadoutPriority>
    <tradeNeverStack>true</tradeNeverStack>
    <smeltable>false</smeltable>
    <burnableByRecipe>false</burnableByRecipe>
    <drawGUIOverlay>false</drawGUIOverlay>
    <relicChance>3</relicChance>
    <verbs>
      <li>
        <verbClass>Verb_CastTargetEffect</verbClass>
        <label>psychic insanity lance</label>
        <hasStandardCommand>true</hasStandardCommand>
        <targetable>true</targetable>
        <onlyManualCast>True</onlyManualCast>
        <range>34.9</range>
        <warmupTime>0.5</warmupTime>
        <targetParams>
          <canTargetBuildings>false</canTargetBuildings>
          <onlyTargetPsychicSensitive>true</onlyTargetPsychicSensitive>
          <neverTargetIncapacitated>true</neverTargetIncapacitated>
        </targetParams>
        <soundCast>PsychicInsanityLanceCast</soundCast>
      </li>
    </verbs>
    <comps>
      <li Class="CompProperties_Reloadable">
        <maxCharges>2</maxCharges>
        <destroyOnEmpty>true</destroyOnEmpty>
        <hotKey>Misc4</hotKey>
        <chargeNoun>charge</chargeNoun>
        <displayGizmoWhileUndrafted>false</displayGizmoWhileUndrafted>
      </li>
      <li>
        <compClass>CompTargetEffect_Berserk</compClass>
      </li>
      <li Class="CompProperties_TargetEffect_BrainDamageChance">
        <brainDamageChance>0.3</brainDamageChance>
      </li>
      <li Class="CompProperties_TargetEffect_GoodwillImpact">
        <goodwillImpact>-200</goodwillImpact>
      </li>
      <li Class="CompProperties_TargetEffect_FleckOnTarget">
        <fleckDef>PsycastPsychicEffect</fleckDef>
      </li>
      <li Class="CompProperties_TargetEffect_FleckConnecting">
        <fleckDef>PsycastPsychicLine</fleckDef>
      </li>
      <li Class="CompProperties_Styleable"></li>
    </comps>
  </ThingDef>

</Defs>