﻿<?xml version="1.0" encoding="utf-8" ?>
<Defs>

  <ThingDef Abstract="True" Name="OrbitalStrikeBase" ParentName="EtherealThingBase">
    <thingClass>OrbitalStrike</thingClass>
    <tickerType>Normal</tickerType>
    <drawerType>RealtimeOnly</drawerType>
    <drawOffscreen>true</drawOffscreen>
    <seeThroughFog>true</seeThroughFog>
  </ThingDef>
  
  <ThingDef ParentName="OrbitalStrikeBase">
    <defName>Bombardment</defName>
    <label>bombardment</label>
    <thingClass>Bombardment</thingClass>
    <comps>
      <li Class="CompProperties_OrbitalBeam">
        <width>0.2</width>
        <color>(255, 20, 20, 242)</color>
      </li>
    </comps>
  </ThingDef>

  <ThingDef ParentName="MoteBase">
    <defName>Mote_Bombardment_PreImpact</defName>
    <altitudeLayer>MoteOverhead</altitudeLayer>
    <graphicData>
      <texPath>Things/Projectile/Bullet_Big</texPath>
      <color>(255,255,255,255)</color>
    </graphicData>
    <mote>
      <solidTime>1</solidTime>
      <unattachedDrawOffset>(0,0,40)</unattachedDrawOffset>
    </mote>
  </ThingDef>
  
  <ThingDef ParentName="OrbitalStrikeBase">
    <defName>PowerBeam</defName>
    <label>power beam</label>
    <thingClass>PowerBeam</thingClass>
    <comps>
      <li Class="CompProperties_OrbitalBeam">
        <width>8</width>
        <color>(255, 245, 214, 242)</color>
        <sound>OrbitalBeam</sound>
      </li>
      <li Class="CompProperties_CameraShaker">
        <mag>0.03</mag>
      </li>
      <li Class="CompProperties_AffectsSky">
        <skyColors>
          <sky>(255, 230, 200)</sky>
          <shadow>(225, 220, 185)</shadow>
          <overlay>(255, 255, 255)</overlay>
          <saturation>1.3</saturation>
        </skyColors>
      </li>
    </comps>
  </ThingDef>

</Defs>
