﻿<?xml version="1.0" encoding="utf-8" ?>
<Defs>
  
  <ThingDef Name="FurnitureBase" ParentName="BuildingBase" Abstract="True">
    <designationCategory>Furniture</designationCategory>
    <minifiedDef>MinifiedThing</minifiedDef>
    <thingCategories>
      <li>BuildingsFurniture</li>
    </thingCategories>
  </ThingDef>
  
  <ThingDef Name="FurnitureWithQualityBase" ParentName="FurnitureBase" Abstract="True">
    <comps>
      <li>
        <compClass>CompQuality</compClass>
      </li>
    </comps>
  </ThingDef>

  <ThingDef Name="ArtableFurnitureBase" ParentName="FurnitureWithQualityBase" Abstract="True">
    <comps>
      <li Class="CompProperties_Art">
        <nameMaker>NamerArtFurniture</nameMaker>
        <descriptionMaker>ArtDescription_Furniture</descriptionMaker>
        <minQualityForArtistic>Excellent</minQualityForArtistic>
      </li>
    </comps>
    <inspectorTabs>
      <li>ITab_Art</li>
    </inspectorTabs>
  </ThingDef>

  <ThingDef Name="ArtableFurnitureRegardlessOfQualityBase" ParentName="FurnitureWithQualityBase" Abstract="True">
    <comps>
      <li Class="CompProperties_Art">
        <nameMaker>NamerArtFurniture</nameMaker>
        <descriptionMaker>ArtDescription_Furniture</descriptionMaker>
        <minQualityForArtistic>Awful</minQualityForArtistic>
      </li>
    </comps>
    <inspectorTabs>
      <li>ITab_Art</li>
    </inspectorTabs>
  </ThingDef>


  <!--============================== Beds ==============================-->
  
  <ThingDef ParentName="BuildingBase">
    <defName>SleepingSpot</defName>
    <label>sleeping spot</label>
    <description>Designates a spot on the ground where people should sleep. Not comfortable.</description>
    <thingClass>Building_Bed</thingClass>
    <graphicData>
      <texPath>Things/Building/Furniture/Bed/SleepSpot</texPath>
      <graphicClass>Graphic_Multi</graphicClass>
      <drawSize>(3,4)</drawSize>
    </graphicData>
    <altitudeLayer>FloorEmplacement</altitudeLayer>
    <statBases>
      <WorkToBuild>0</WorkToBuild>
      <Comfort>0.4</Comfort>
      <SurgerySuccessChanceFactor>0.7</SurgerySuccessChanceFactor>
    </statBases>
    <scatterableOnMapGen>false</scatterableOnMapGen>
    <useHitPoints>False</useHitPoints>
    <size>(1,2)</size>
    <designationCategory>Furniture</designationCategory>
    <passability>Standable</passability>
    <drawGUIOverlay>True</drawGUIOverlay>
    <defaultPlacingRot>South</defaultPlacingRot>
    <building>
      <bed_showSleeperBody>True</bed_showSleeperBody>
      <sowTag>SupportPlantsOnly</sowTag>
      <canPlaceOverImpassablePlant>false</canPlaceOverImpassablePlant>
      <ai_chillDestination>false</ai_chillDestination>
      <artificialForMeditationPurposes>false</artificialForMeditationPurposes>
      <buildingTags>
        <li>Bed</li>
      </buildingTags>
    </building>
    <designationHotKey>Misc1</designationHotKey>
    <comps>
      <li Class="CompProperties_AssignableToPawn">
        <drawAssignmentOverlay>false</drawAssignmentOverlay>
        <compClass>CompAssignableToPawn_Bed</compClass>
      </li>
    </comps>
  </ThingDef>

  <ThingDef ParentName="BuildingBase">
    <defName>DoubleSleepingSpot</defName>
    <label>double sleeping spot</label>
    <description>Designates a spot on the ground where two people should sleep together. Not comfortable.</description>
    <thingClass>Building_Bed</thingClass>
    <graphicData>
      <texPath>Things/Building/Furniture/Bed/DoubleSleepSpot</texPath>
      <graphicClass>Graphic_Multi</graphicClass>
      <drawSize>(4,4)</drawSize>
    </graphicData>
    <altitudeLayer>FloorEmplacement</altitudeLayer>
    <statBases>
      <WorkToBuild>0</WorkToBuild>
      <Comfort>0.4</Comfort>
      <SurgerySuccessChanceFactor>0.7</SurgerySuccessChanceFactor>
    </statBases>
    <scatterableOnMapGen>false</scatterableOnMapGen>
    <useHitPoints>False</useHitPoints>
    <size>(2,2)</size>
    <designationCategory>Furniture</designationCategory>
    <passability>Standable</passability>
    <drawGUIOverlay>True</drawGUIOverlay>
    <defaultPlacingRot>South</defaultPlacingRot>
    <building>
      <bed_showSleeperBody>True</bed_showSleeperBody>
      <sowTag>SupportPlantsOnly</sowTag>
      <canPlaceOverImpassablePlant>false</canPlaceOverImpassablePlant>
      <ai_chillDestination>false</ai_chillDestination>
      <artificialForMeditationPurposes>false</artificialForMeditationPurposes>
      <buildingTags>
        <li>Bed</li>
      </buildingTags>
    </building>
    <comps>
      <li Class="CompProperties_AssignableToPawn">
        <drawAssignmentOverlay>false</drawAssignmentOverlay>
        <compClass>CompAssignableToPawn_Bed</compClass>
      </li>
    </comps>
  </ThingDef>

  <ThingDef ParentName="FurnitureBase" Name="BedBase" Abstract="True">
    <thingClass>Building_Bed</thingClass>
    <altitudeLayer>Building</altitudeLayer>
    <comps>
      <li Class="CompProperties_AssignableToPawn">
        <drawAssignmentOverlay>false</drawAssignmentOverlay>
        <compClass>CompAssignableToPawn_Bed</compClass>
      </li>
    </comps>
    <drawGUIOverlay>true</drawGUIOverlay>
    <canOverlapZones>false</canOverlapZones>
    <placeWorkers>
      <li>PlaceWorker_ShowFacilitiesConnections</li>
    </placeWorkers>
    <passability>PassThroughOnly</passability>
    <defaultPlacingRot>South</defaultPlacingRot>
    <building>
      <buildingTags>
        <li>Bed</li>
      </buildingTags>
    </building>
  </ThingDef>

  <ThingDef Name="BedWithQualityBase" ParentName="BedBase" Abstract="True">
    <comps>
      <li>
        <compClass>CompQuality</compClass>
      </li>
    </comps>
  </ThingDef>

  <ThingDef Name="ArtableBedBase" ParentName="BedWithQualityBase" Abstract="True">
    <comps>
      <li Class="CompProperties_Art">
        <nameMaker>NamerArtFurniture</nameMaker>
        <descriptionMaker>ArtDescription_Furniture</descriptionMaker>
        <minQualityForArtistic>Excellent</minQualityForArtistic>
      </li>
    </comps>
    <inspectorTabs>
      <li>ITab_Art</li>
    </inspectorTabs>
  </ThingDef>
  
  <ThingDef ParentName="BedWithQualityBase" Name="Bed">
    <defName>Bed</defName>
    <label>bed</label>
    <description>A cozy mattress and sheets on a frame for resting.</description>
    <graphicData>
      <texPath>Things/Building/Furniture/Bed/Bed</texPath>
      <graphicClass>Graphic_Multi</graphicClass>
      <shaderType>CutoutComplex</shaderType>
      <drawSize>(2,2)</drawSize>
      <damageData>
        <rect>(0,0.05,1,1.95)</rect>
      </damageData>
    </graphicData>
    <comps>
      <li Class="CompProperties_AffectedByFacilities">
        <linkableFacilities>
          <li>EndTable</li>
          <li>Dresser</li>
          <li MayRequire="Ludeon.RimWorld.Ideology">SleepAccelerator</li>
        </linkableFacilities>
      </li>
    </comps>
    <statBases>
      <MaxHitPoints>140</MaxHitPoints>
      <Flammability>1.0</Flammability>
      <Beauty>1</Beauty>
      <WorkToBuild>800</WorkToBuild>
      <Mass>30</Mass>
      <BedRestEffectiveness>1</BedRestEffectiveness>
      <Comfort>0.75</Comfort>
      <ImmunityGainSpeedFactor>1.07</ImmunityGainSpeedFactor>
      <SurgerySuccessChanceFactor>1</SurgerySuccessChanceFactor>
    </statBases>
    <size>(1,2)</size>
    <stuffCategories>
      <li>Metallic</li>
      <li>Woody</li>
      <li>Stony</li>
    </stuffCategories>
    <costStuffCount>45</costStuffCount>
    <building>
      <bed_showSleeperBody>False</bed_showSleeperBody>
      <bed_healPerDay>4</bed_healPerDay>
    </building>
    <fillPercent>0.4</fillPercent>
    <pathCost>42</pathCost>
    <staticSunShadowHeight>0.17</staticSunShadowHeight>
    <castEdgeShadows>True</castEdgeShadows>
    <designationHotKey>Misc2</designationHotKey>
    <techLevel>Medieval</techLevel>
    <researchPrerequisites>
      <li>ComplexFurniture</li>
    </researchPrerequisites>
    <uiIconScale>0.90</uiIconScale>
  </ThingDef>

  <ThingDef ParentName="ArtableBedBase" Name="DoubleBed">
    <defName>DoubleBed</defName>
    <label>double bed</label>
    <description>A simple double-wide bed that fits two people.</description>
    <graphicData>
      <texPath>Things/Building/Furniture/Bed/DoubleBed</texPath>
      <graphicClass>Graphic_Multi</graphicClass>
      <shaderType>CutoutComplex</shaderType>
      <drawSize>(2.05,2.05)</drawSize>
      <damageData>
        <rect>(0,0.05,2,1.95)</rect>
      </damageData>
    </graphicData>
    <comps>
      <li Class="CompProperties_AffectedByFacilities">
        <linkableFacilities>
          <li>EndTable</li>
          <li>Dresser</li>
          <li MayRequire="Ludeon.RimWorld.Ideology">SleepAccelerator</li>
        </linkableFacilities>
      </li>
    </comps>
    <thingSetMakerTags><li>RewardStandardQualitySuper</li></thingSetMakerTags>
    <statBases>
      <MaxHitPoints>200</MaxHitPoints>
      <Flammability>1.0</Flammability>
      <WorkToBuild>1500</WorkToBuild>
      <Mass>50</Mass>
      <Comfort>0.75</Comfort>
      <Beauty>2</Beauty>
      <BedRestEffectiveness>1</BedRestEffectiveness>
      <ImmunityGainSpeedFactor>1.07</ImmunityGainSpeedFactor>
      <SurgerySuccessChanceFactor>1</SurgerySuccessChanceFactor>
    </statBases>
    <size>(2,2)</size>
    <stuffCategories>
      <li>Metallic</li>
      <li>Woody</li>
      <li>Stony</li>
    </stuffCategories>
    <costStuffCount>85</costStuffCount>
    <building>
      <bed_showSleeperBody>False</bed_showSleeperBody>
      <bed_healPerDay>4</bed_healPerDay>
    </building>
    <terrainAffordanceNeeded>Light</terrainAffordanceNeeded>
    <fillPercent>0.4</fillPercent>
    <pathCost>42</pathCost>
    <leaveResourcesWhenKilled>True</leaveResourcesWhenKilled>
    <staticSunShadowHeight>0.17</staticSunShadowHeight>
    <castEdgeShadows>True</castEdgeShadows>
    <designationHotKey>Misc3</designationHotKey>
    <techLevel>Medieval</techLevel>
    <researchPrerequisites>
      <li>ComplexFurniture</li>
    </researchPrerequisites>
    <uiIconScale>0.90</uiIconScale>
  </ThingDef>

  <ThingDef ParentName="ArtableBedBase">
    <defName>RoyalBed</defName>
    <label>royal bed</label>
    <description>A luxurious gold-inlaid bed fit for the highborn. Very comfy and beautiful, it is a work of art in itself. Fits two.</description>
    <graphicData>
      <texPath>Things/Building/Furniture/Bed/RoyalBed</texPath>
      <graphicClass>Graphic_Multi</graphicClass>
      <shaderType>CutoutComplex</shaderType>
      <drawSize>(2.05,2.05)</drawSize>
      <damageData>
        <rect>(0,0.05,2,1.95)</rect>
      </damageData>
    </graphicData>
    <comps>
      <li Class="CompProperties_AffectedByFacilities">
        <linkableFacilities>
          <li>EndTable</li>
          <li>Dresser</li>
          <li MayRequire="Ludeon.RimWorld.Ideology">SleepAccelerator</li>
        </linkableFacilities>
      </li>
    </comps>
    <thingSetMakerTags><li>RewardStandardQualitySuper</li></thingSetMakerTags>
    <statBases>
      <MaxHitPoints>200</MaxHitPoints>
      <Flammability>1.0</Flammability>
      <WorkToBuild>50000</WorkToBuild>
      <Mass>60</Mass>
      <Beauty>75</Beauty>
      <BedRestEffectiveness>1.05</BedRestEffectiveness>
      <Comfort>0.90</Comfort>
      <ImmunityGainSpeedFactor>1.07</ImmunityGainSpeedFactor>
      <SurgerySuccessChanceFactor>1</SurgerySuccessChanceFactor>
    </statBases>
    <size>(2,2)</size>
    <stuffCategories>
      <li>Metallic</li>
      <li>Woody</li>
      <li>Stony</li>
    </stuffCategories>
    <costStuffCount>100</costStuffCount>
    <costList>
      <Gold>50</Gold>
    </costList>
    <building>
      <bed_showSleeperBody>False</bed_showSleeperBody>
      <bed_healPerDay>4</bed_healPerDay>
    </building>
    <terrainAffordanceNeeded>Light</terrainAffordanceNeeded>
    <fillPercent>0.4</fillPercent>
    <pathCost>42</pathCost>
    <leaveResourcesWhenKilled>True</leaveResourcesWhenKilled>
    <staticSunShadowHeight>0.17</staticSunShadowHeight>
    <castEdgeShadows>True</castEdgeShadows>
    <designationHotKey>Misc4</designationHotKey>
    <techLevel>Medieval</techLevel>
    <constructionSkillPrerequisite>8</constructionSkillPrerequisite>
    <researchPrerequisites>
      <li>ComplexFurniture</li>
    </researchPrerequisites>
    <uiIconScale>0.90</uiIconScale>
  </ThingDef>

  <ThingDef ParentName="BedWithQualityBase">
    <defName>HospitalBed</defName>
    <label>hospital bed</label>
    <description>A bed specially designed for use in hospitals. Adjustable for a patient and festooned with built-in equipment, it improves medical outcomes over normal beds.</description>
    <graphicData>
      <texPath>Things/Building/Furniture/Bed/HospitalBed</texPath>
      <graphicClass>Graphic_Multi</graphicClass>
      <shaderType>CutoutComplex</shaderType>
      <drawSize>(2,2)</drawSize>
    </graphicData>
    <castEdgeShadows>True</castEdgeShadows>
    <statBases>
      <MaxHitPoints>150</MaxHitPoints>
      <WorkToBuild>2800</WorkToBuild>
      <Mass>35</Mass>
      <Flammability>1.0</Flammability>
      <BedRestEffectiveness>1</BedRestEffectiveness>
      <Comfort>0.80</Comfort>
      <ImmunityGainSpeedFactor>1.11</ImmunityGainSpeedFactor>
      <MedicalTendQualityOffset>0.10</MedicalTendQualityOffset>
      <SurgerySuccessChanceFactor>1.1</SurgerySuccessChanceFactor>
    </statBases>
    <comps>
      <li Class="CompProperties_AffectedByFacilities">
        <linkableFacilities>
          <li>VitalsMonitor</li>
          <li>EndTable</li>
          <li>Dresser</li>
          <li MayRequire="Ludeon.RimWorld.Ideology">SleepAccelerator</li>
        </linkableFacilities>
      </li>
    </comps>
    <size>(1,2)</size>
    <stuffCategories>
      <li>Metallic</li>
    </stuffCategories>
    <costStuffCount>40</costStuffCount>
    <costList>
      <Steel>80</Steel>
      <ComponentIndustrial>5</ComponentIndustrial>
    </costList>
    <building>
      <bed_showSleeperBody>False</bed_showSleeperBody>
      <bed_healPerDay>10</bed_healPerDay>
      <bed_defaultMedical>true</bed_defaultMedical>
      <buildingSizeCategory>Small</buildingSizeCategory>
    </building>
    <fillPercent>0.4</fillPercent>
    <pathCost>42</pathCost>
    <leaveResourcesWhenKilled>True</leaveResourcesWhenKilled>
    <staticSunShadowHeight>0.17</staticSunShadowHeight>
    <designationHotKey>Misc5</designationHotKey>
    <researchPrerequisites>
      <li>HospitalBed</li>
    </researchPrerequisites>
    <constructionSkillPrerequisite>8</constructionSkillPrerequisite>
    <techLevel>Industrial</techLevel>
    <uiIconScale>0.90</uiIconScale>
  </ThingDef>

  <ThingDef ParentName="BedWithQualityBase">
    <defName>Bedroll</defName>
    <label>bedroll</label>
    <description>A simple bed that lays on the floor, usually made of cloth or leather, often lined with fur. It is lightweight and can be rolled up for easy transport, but it is not quite as comfortable as a typical bed. Caravans can use bedrolls while traveling for better sleep.</description>
    <graphicData>
      <texPath>Things/Building/Furniture/Bed/Bedroll</texPath>
      <graphicClass>Graphic_Multi</graphicClass>
      <shaderType>CutoutComplex</shaderType>
      <drawSize>(1,2)</drawSize>
    </graphicData>
    <castEdgeShadows>True</castEdgeShadows>
    <statBases>
      <MaxHitPoints>75</MaxHitPoints>
      <Flammability>1.0</Flammability>
      <Mass>2.5</Mass>
      <BedRestEffectiveness>0.95</BedRestEffectiveness>
      <ImmunityGainSpeedFactor>1.05</ImmunityGainSpeedFactor>
      <Comfort>0.68</Comfort>
      <WorkToBuild>600</WorkToBuild>
    </statBases>
    <comps>
      <li Class="CompProperties_AffectedByFacilities">
        <linkableFacilities>
          <li>Dresser</li>
          <li>EndTable</li>
          <li MayRequire="Ludeon.RimWorld.Ideology">SleepAccelerator</li>
        </linkableFacilities>
      </li>
    </comps>
    <size>(1,2)</size>
    <stuffCategories>
      <li>Fabric</li>
      <li>Leathery</li>
    </stuffCategories>
    <costStuffCount>40</costStuffCount>
    <building>
      <bed_showSleeperBody>false</bed_showSleeperBody>
      <bed_healPerDay>4</bed_healPerDay>
      <bed_caravansCanUse>true</bed_caravansCanUse>
      <destroySound>BuildingDestroyed_Soft_Medium</destroySound>
      <destroyShakeAmount>0</destroyShakeAmount>
    </building>
    <pathCost>14</pathCost>
    <passability>Standable</passability>
    <designationHotKey>Misc2</designationHotKey>
  </ThingDef>

  <ThingDef ParentName="BedWithQualityBase">
    <defName>BedrollDouble</defName>
    <label>double bedroll</label>
    <description>A simple double-wide bed that lays on the floor, usually made of cloth or leather, often lined with fur. It is lightweight and can be rolled up for easy transport, but it is not quite as comfortable as a typical bed. Caravans can use bedrolls while traveling for better sleep.</description>
    <graphicData>
      <texPath>Things/Building/Furniture/Bed/BedrollDouble</texPath>
      <graphicClass>Graphic_Multi</graphicClass>
      <shaderType>CutoutComplex</shaderType>
      <drawSize>(2,2)</drawSize>
    </graphicData>
    <castEdgeShadows>True</castEdgeShadows>
    <statBases>
      <Flammability>1.0</Flammability>
      <Mass>4.5</Mass>
      <BedRestEffectiveness>0.95</BedRestEffectiveness>
      <ImmunityGainSpeedFactor>1.05</ImmunityGainSpeedFactor>
      <Comfort>0.68</Comfort>
      <WorkToBuild>1100</WorkToBuild>
    </statBases>
    <comps>
      <li Class="CompProperties_AffectedByFacilities">
        <linkableFacilities>
          <li>Dresser</li>
          <li>EndTable</li>
          <li MayRequire="Ludeon.RimWorld.Ideology">SleepAccelerator</li>
        </linkableFacilities>
      </li>
    </comps>
    <size>(2,2)</size>
    <stuffCategories>
      <li>Fabric</li>
      <li>Leathery</li>
    </stuffCategories>
    <costStuffCount>85</costStuffCount>
    <building>
      <bed_showSleeperBody>false</bed_showSleeperBody>
      <bed_healPerDay>4</bed_healPerDay>
      <bed_caravansCanUse>true</bed_caravansCanUse>
      <destroySound>BuildingDestroyed_Soft_Medium</destroySound>
      <destroyShakeAmount>0</destroyShakeAmount>
    </building>
    <pathCost>14</pathCost>
    <passability>Standable</passability>
    <designationHotKey>Misc3</designationHotKey>
  </ThingDef>




  <!--=========================== Animal beds ===============================-->

  <ThingDef ParentName="BuildingBase">
    <defName>AnimalSleepingSpot</defName>
    <thingClass>Building_Bed</thingClass>
    <label>animal sleeping spot</label>
    <description>Designates a spot on the ground where animals should sleep.</description>
    <size>(1,1)</size>
    <passability>Standable</passability>
    <designationCategory>Furniture</designationCategory>
    <scatterableOnMapGen>false</scatterableOnMapGen>
    <useHitPoints>False</useHitPoints>
    <altitudeLayer>FloorEmplacement</altitudeLayer>
    <rotatable>false</rotatable>
    <graphicData>
      <texPath>Things/Building/Misc/AnimalBed/AnimalSleepSpot</texPath>
      <graphicClass>Graphic_Single</graphicClass>
    </graphicData>
    <uiIconScale>0.80</uiIconScale>
    <statBases>
      <WorkToBuild>0</WorkToBuild>
      <SurgerySuccessChanceFactor>0.7</SurgerySuccessChanceFactor>
    </statBases>
    <drawGUIOverlay>true</drawGUIOverlay>
    <building>
      <bed_humanlike>false</bed_humanlike>
      <bed_showSleeperBody>True</bed_showSleeperBody>
      <sowTag>SupportPlantsOnly</sowTag>
      <canPlaceOverImpassablePlant>false</canPlaceOverImpassablePlant>
      <ai_chillDestination>false</ai_chillDestination>
      <artificialForMeditationPurposes>false</artificialForMeditationPurposes>
    </building>
    <comps>
      <li Class="CompProperties_AssignableToPawn">
        <drawAssignmentOverlay>false</drawAssignmentOverlay>
        <compClass>CompAssignableToPawn_Bed</compClass>
      </li>
    </comps>
  </ThingDef>

  <ThingDef ParentName="FurnitureWithQualityBase">
    <defName>AnimalSleepingBox</defName>
    <thingClass>Building_Bed</thingClass>
    <label>animal sleeping box</label>
    <description>A small box for animals to sleep in. Fits smaller animals like chickens, cats, or small dogs.</description>
    <rotatable>false</rotatable>
    <fillPercent>0.15</fillPercent>
    <pathCost>14</pathCost>
    <passability>PassThroughOnly</passability>
    <canOverlapZones>false</canOverlapZones>
    <graphicData>
      <texPath>Things/Building/Misc/AnimalBed/AnimalSleepBox</texPath>
      <graphicClass>Graphic_Single</graphicClass>
      <damageData>
        <rect>(0.05,0.05,0.9,0.9)</rect>
        <cornerTL>Damage/Corner</cornerTL>
        <cornerTR>Damage/Corner</cornerTR>
        <cornerBL>Damage/Corner</cornerBL>
        <cornerBR>Damage/Corner</cornerBR>
      </damageData>
    </graphicData>
    <castEdgeShadows>true</castEdgeShadows>
    <stuffCategories>
      <li>Metallic</li>
      <li>Woody</li>
      <li>Stony</li>
    </stuffCategories>
    <costStuffCount>25</costStuffCount>
    <drawGUIOverlay>true</drawGUIOverlay>
    <building>
      <bed_humanlike>false</bed_humanlike>
      <bed_maxBodySize>0.55</bed_maxBodySize>
      <bed_showSleeperBody>true</bed_showSleeperBody>
      <bed_healPerDay>4</bed_healPerDay>
    </building>
    <altitudeLayer>Building</altitudeLayer>
    <statBases>
      <MaxHitPoints>75</MaxHitPoints>
      <Flammability>1.0</Flammability>
      <WorkToBuild>180</WorkToBuild>
      <Mass>3</Mass>
      <BedRestEffectiveness>0.93</BedRestEffectiveness>
      <Comfort>0.60</Comfort>
      <ImmunityGainSpeedFactor>1.05</ImmunityGainSpeedFactor>
      <SurgerySuccessChanceFactor>1</SurgerySuccessChanceFactor>
    </statBases>
    <comps>
      <li Class="CompProperties_AssignableToPawn">
        <drawAssignmentOverlay>false</drawAssignmentOverlay>
        <compClass>CompAssignableToPawn_Bed</compClass>
      </li>
    </comps>
    <uiIconScale>0.75</uiIconScale>
  </ThingDef>

  <ThingDef ParentName="FurnitureWithQualityBase">
    <defName>AnimalBed</defName>
    <thingClass>Building_Bed</thingClass>
    <label>animal bed</label>
    <description>A soft bed for animals to sleep on. Fits any animal.</description>
    <rotatable>false</rotatable>
    <fillPercent>0.15</fillPercent>
    <pathCost>14</pathCost>
    <passability>PassThroughOnly</passability>
    <canOverlapZones>false</canOverlapZones>
    <graphicData>
      <texPath>Things/Building/Misc/AnimalBed/AnimalBed</texPath>
      <graphicClass>Graphic_Single</graphicClass>
      <drawSize>1.2</drawSize>
    </graphicData>
    <castEdgeShadows>true</castEdgeShadows>
    <uiIconScale>0.80</uiIconScale>
    <stuffCategories>
      <li>Fabric</li>
      <li>Leathery</li>
    </stuffCategories>
    <costStuffCount>40</costStuffCount>
    <building>
      <bed_humanlike>false</bed_humanlike>
      <bed_showSleeperBody>true</bed_showSleeperBody>
      <bed_healPerDay>4</bed_healPerDay>
      <destroySound>BuildingDestroyed_Soft_Small</destroySound>
    </building>
    <altitudeLayer>Building</altitudeLayer>
    <statBases>
      <MaxHitPoints>140</MaxHitPoints>
      <Flammability>1.0</Flammability>
      <WorkToBuild>400</WorkToBuild>
      <Mass>5</Mass>
      <BedRestEffectiveness>1</BedRestEffectiveness>
      <Comfort>0.75</Comfort>
      <ImmunityGainSpeedFactor>1.07</ImmunityGainSpeedFactor>
      <SurgerySuccessChanceFactor>1</SurgerySuccessChanceFactor>
    </statBases>
    <comps>
      <li Class="CompProperties_AssignableToPawn">
        <drawAssignmentOverlay>false</drawAssignmentOverlay>
        <compClass>CompAssignableToPawn_Bed</compClass>
      </li>
    </comps>
  </ThingDef>


  <!--======================= Basic domestic furniture ==============================-->


  <ThingDef ParentName="FurnitureWithQualityBase">
    <defName>Stool</defName>
    <label>stool</label>
    <description>A simple platform on which to sit. Not very comfortable, but much better than nothing. Can be used at tables, work stations, and elsewhere.</description>
    <graphicData>
      <texPath>Things/Building/Furniture/Stool</texPath>
      <graphicClass>Graphic_Multi</graphicClass>
      <damageData>
        <rectN>(0.125,0.296875,0.734375,0.421875)</rectN>
        <rectS>(0.125,0.296875,0.734375,0.421875)</rectS>
        <rectE>(0.234375,0.296875,0.5,0.546875)</rectE>
        <rectW>(0.234375,0.296875,0.5,0.546875)</rectW>
        <cornerTL>Damage/Corner</cornerTL>
        <cornerTR>Damage/Corner</cornerTR>
        <cornerBL>Damage/Corner</cornerBL>
        <cornerBR>Damage/Corner</cornerBR>
      </damageData>
      <shadowData>
        <volume>(0.18, 0.23, 0.18)</volume>
      </shadowData>
    </graphicData>
    <altitudeLayer>Building</altitudeLayer>
    <statBases>
      <MaxHitPoints>75</MaxHitPoints>
      <WorkToBuild>450</WorkToBuild>
      <Mass>3</Mass>
      <Flammability>1.0</Flammability>
      <Beauty>0</Beauty>
      <Comfort>0.5</Comfort>
    </statBases>
    <socialPropernessMatters>true</socialPropernessMatters>
    <stuffCategories>
      <li>Metallic</li>
      <li>Woody</li>
      <li>Stony</li>
    </stuffCategories>
    <costStuffCount>25</costStuffCount>
    <pathCost>30</pathCost>
    <designationHotKey>Misc6</designationHotKey>
    <fillPercent>0.20</fillPercent>
    <building>
      <isSittable>true</isSittable>
    </building>
    <uiIconOffset>(0, -0.05)</uiIconOffset>
    <comps>
      <li Class="CompProperties_Styleable" />
    </comps>
  </ThingDef>


  <ThingDef ParentName="ArtableFurnitureBase">
    <defName>DiningChair</defName>
    <label>dining chair</label>
    <description>A comfortable and attractive chair. Can be used at tables, work stations, and elsewhere.</description>
    <graphicData>
      <texPath>Things/Building/Furniture/DiningChair</texPath>
      <graphicClass>Graphic_Multi</graphicClass>
      <drawSize>(1,1)</drawSize>
      <damageData>
        <rectN>(0.25,0.234375,0.5,0.28125)</rectN>
        <rectS>(0.25,0.234375,0.5,0.28125)</rectS>
        <rectE>(0.28125,0.25,0.453125,0.25)</rectE>
        <rectW>(0.28125,0.25,0.453125,0.25)</rectW>
      </damageData>
      <shadowData>
        <volume>(0.23, 0.26, 0.23)</volume>
      </shadowData>
    </graphicData>
    <altitudeLayer>Building</altitudeLayer>
    <statBases>
      <MaxHitPoints>100</MaxHitPoints>
      <WorkToBuild>8000</WorkToBuild>
      <Mass>5</Mass>
      <Flammability>1.0</Flammability>
      <Beauty>8</Beauty>
      <Comfort>0.70</Comfort>
    </statBases>
    <socialPropernessMatters>true</socialPropernessMatters>
    <stuffCategories>
      <li>Metallic</li>
      <li>Woody</li>
    </stuffCategories>
    <costStuffCount>45</costStuffCount>
    <pathCost>30</pathCost>
    <designationHotKey>Misc7</designationHotKey>
    <fillPercent>0.35</fillPercent>
    <defaultPlacingRot>South</defaultPlacingRot>
    <building>
      <isSittable>true</isSittable>
    </building>
    <constructionSkillPrerequisite>4</constructionSkillPrerequisite>
    <researchPrerequisites>
      <li>ComplexFurniture</li>
    </researchPrerequisites>
    <comps>
      <li Class="CompProperties_Styleable" />
    </comps>
  </ThingDef>


  <ThingDef ParentName="FurnitureWithQualityBase">
    <defName>Armchair</defName>
    <label>armchair</label>
    <description>A large, soft, comfy seat. Great for relaxation. Can be used at tables, work stations, and elsewhere.</description>
    <graphicData>
      <texPath>Things/Building/Furniture/Armchair</texPath>
      <graphicClass>Graphic_Multi</graphicClass>
      <drawSize>(3,3)</drawSize>
      <damageData>
        <rectN>(0,0,1,0.703125)</rectN>
        <rectS>(0.09375,0,0.84375,1)</rectS>
        <rectE>(0,0,0.84375,0.625)</rectE>
        <rectW>(0.15625,0,0.84375,0.625)</rectW>
      </damageData>
      <shadowData>
        <volume>(0.3, 0.33, 0.3)</volume>
      </shadowData>
    </graphicData>
    <uiIconScale>0.9</uiIconScale>
    <altitudeLayer>Building</altitudeLayer>
    <statBases>
      <MaxHitPoints>120</MaxHitPoints>
      <WorkToBuild>14000</WorkToBuild>
      <Mass>18</Mass>
      <Flammability>1.0</Flammability>
      <Beauty>4</Beauty>
      <Comfort>0.8</Comfort>
    </statBases>
    <socialPropernessMatters>true</socialPropernessMatters>
    <stuffCategories>
      <li>Fabric</li>
      <li>Leathery</li>
    </stuffCategories>
    <researchPrerequisites>
      <li>ComplexFurniture</li>
    </researchPrerequisites>
    <costStuffCount>110</costStuffCount>
    <pathCost>30</pathCost>
    <fillPercent>0.40</fillPercent>
    <designationHotKey>Misc8</designationHotKey>
    <defaultPlacingRot>South</defaultPlacingRot>
    <constructionSkillPrerequisite>5</constructionSkillPrerequisite>
    <building>
      <isSittable>true</isSittable>
      <destroySound>BuildingDestroyed_Soft_Small</destroySound>
    </building>
  </ThingDef>




  <!-- Table base -->
  <ThingDef Abstract="True" ParentName="FurnitureWithQualityBase" Name="TableBase">
    <description>People eat off tables when chairs are placed facing them.</description>
    <thingClass>Building</thingClass>
    <altitudeLayer>Building</altitudeLayer>
    <passability>PassThroughOnly</passability>
    <castEdgeShadows>true</castEdgeShadows>
    <pathCost>42</pathCost>
    <fillPercent>0.4</fillPercent>
    <socialPropernessMatters>true</socialPropernessMatters>
    <canOverlapZones>false</canOverlapZones>
    <stuffCategories>
      <li>Metallic</li>
      <li>Woody</li>
      <li>Stony</li>
    </stuffCategories>
    <leaveResourcesWhenKilled>true</leaveResourcesWhenKilled>
    <staticSunShadowHeight>0.20</staticSunShadowHeight>
    <surfaceType>Eat</surfaceType>
  </ThingDef>

  <ThingDef Abstract="True" ParentName="TableBase" Name="TableGatherSpotBase">
    <comps>
      <li>
        <compClass>CompGatherSpot</compClass>
      </li>
      <li Class="CompProperties_Styleable" />
    </comps>
    <building>
      <buildingTags>
        <li>RitualFocus</li>
      </buildingTags>
    </building>
    <drawPlaceWorkersWhileSelected>true</drawPlaceWorkersWhileSelected>
    <placeWorkers>
      <li>PlaceWorker_RitualFocus</li>
    </placeWorkers>
  </ThingDef>

  <ThingDef ParentName="TableBase">
    <defName>EndTable</defName>
    <label>end table</label>
    <description>A small bedside table which makes nearby beds a little bit more comfortable. Must be placed directly adjacent to the head of the bed. Placing more than one end table near the same bed has no effect.</description>
    <surfaceType>Item</surfaceType>
    <graphicData>
      <texPath>Things/Building/Furniture/EndTable</texPath>
      <graphicClass>Graphic_Multi</graphicClass>
      <shadowData>
        <volume>(0.3, 0.6, 0.3)</volume>
      </shadowData>
    </graphicData>
    <statBases>
      <MaxHitPoints>75</MaxHitPoints>
      <WorkToBuild>1000</WorkToBuild>
      <Mass>5</Mass>
      <Flammability>1.0</Flammability>
      <Beauty>3</Beauty>
    </statBases>
    <pathCost>30</pathCost>
    <defaultPlacingRot>South</defaultPlacingRot>
    <costStuffCount>30</costStuffCount>
    <placeWorkers>
      <li>PlaceWorker_ShowFacilitiesConnections</li>
    </placeWorkers>
    <researchPrerequisites>
      <li>ComplexFurniture</li>
    </researchPrerequisites>
    <comps>
      <li Class="CompProperties_Facility">
        <statOffsets>
          <Comfort>0.05</Comfort>
        </statOffsets>
        <maxSimultaneous>1</maxSimultaneous>
        <mustBePlacedAdjacentCardinalToBedHead>true</mustBePlacedAdjacentCardinalToBedHead>
      </li>
    </comps>
    <staticSunShadowHeight>0</staticSunShadowHeight>
    <castEdgeShadows>false</castEdgeShadows>
  </ThingDef>

  <ThingDef ParentName="TableGatherSpotBase">
    <defName>Table1x2c</defName>
    <label>table (1x2)</label>
    <graphicData>
      <texPath>Things/Building/Furniture/Table1x2</texPath>
      <graphicClass>Graphic_Multi</graphicClass>
      <drawSize>(3,4)</drawSize>
      <damageData>
        <cornerTL>Damage/Corner</cornerTL>
        <cornerTR>Damage/Corner</cornerTR>
        <cornerBL>Damage/Corner</cornerBL>
        <cornerBR>Damage/Corner</cornerBR>
      </damageData>
    </graphicData>
    <uiIconScale>0.8</uiIconScale>
    <statBases>
      <MaxHitPoints>75</MaxHitPoints>
      <WorkToBuild>750</WorkToBuild>
      <Mass>5</Mass>
      <Flammability>1.0</Flammability>
      <Beauty>0.5</Beauty>
      <StyleDominance MayRequire="Ludeon.RimWorld.Ideology">5</StyleDominance>
    </statBases>
    <size>(1,2)</size>
    <costStuffCount>28</costStuffCount>
  </ThingDef>

  <ThingDef ParentName="TableGatherSpotBase">
    <defName>Table2x2c</defName>
    <label>table (2x2)</label>
    <graphicData>
      <texPath>Things/Building/Furniture/Table2x2</texPath>
      <graphicClass>Graphic_Multi</graphicClass>
      <drawSize>(4,4)</drawSize>
      <damageData>
        <cornerTL>Damage/Corner</cornerTL>
        <cornerTR>Damage/Corner</cornerTR>
        <cornerBL>Damage/Corner</cornerBL>
        <cornerBR>Damage/Corner</cornerBR>
      </damageData>
    </graphicData>
    <uiIconScale>0.8</uiIconScale>
    <statBases>
      <MaxHitPoints>100</MaxHitPoints>
      <WorkToBuild>1500</WorkToBuild>
      <Mass>10</Mass>
      <Flammability>1.0</Flammability>
      <Beauty>1</Beauty>
      <StyleDominance MayRequire="Ludeon.RimWorld.Ideology">10</StyleDominance>
    </statBases>
    <size>(2,2)</size>
    <costStuffCount>50</costStuffCount>
    <rotatable>false</rotatable>
  </ThingDef>

  <ThingDef ParentName="TableGatherSpotBase">
    <defName>Table2x4c</defName>
    <label>table (2x4)</label>
    <graphicData>
      <texPath>Things/Building/Furniture/Table2x4</texPath>
      <graphicClass>Graphic_Multi</graphicClass>
      <drawSize>(4,6)</drawSize>
      <damageData>
        <cornerTL>Damage/Corner</cornerTL>
        <cornerTR>Damage/Corner</cornerTR>
        <cornerBL>Damage/Corner</cornerBL>
        <cornerBR>Damage/Corner</cornerBR>
      </damageData>
    </graphicData>
    <statBases>
      <MaxHitPoints>150</MaxHitPoints>
      <WorkToBuild>3000</WorkToBuild>
      <Mass>20</Mass>
      <Flammability>1.0</Flammability>
      <Beauty>2</Beauty>
      <StyleDominance MayRequire="Ludeon.RimWorld.Ideology">20</StyleDominance>
    </statBases>
    <size>(2,4)</size>
    <costStuffCount>95</costStuffCount>
    <building>
      <buildingSizeCategory>Medium</buildingSizeCategory>
    </building>
  </ThingDef>

  <ThingDef ParentName="TableGatherSpotBase">
    <defName>Table3x3c</defName>
    <label>table (3x3)</label>
    <graphicData>
      <texPath>Things/Building/Furniture/Table3x3</texPath>
      <graphicClass>Graphic_Multi</graphicClass>
      <drawSize>(5, 5)</drawSize>
      <damageData>
        <cornerTL>Damage/Corner</cornerTL>
        <cornerTR>Damage/Corner</cornerTR>
        <cornerBL>Damage/Corner</cornerBL>
        <cornerBR>Damage/Corner</cornerBR>
      </damageData>
    </graphicData>
    <uiIconScale>0.9</uiIconScale>
    <statBases>
      <MaxHitPoints>175</MaxHitPoints>
      <WorkToBuild>3300</WorkToBuild>
      <Mass>22</Mass>
      <Flammability>1.0</Flammability>
      <Beauty>2</Beauty>
      <StyleDominance MayRequire="Ludeon.RimWorld.Ideology">20</StyleDominance>
    </statBases>
    <size>(3,3)</size>
    <costStuffCount>100</costStuffCount>
    <rotatable>false</rotatable>
    <building>
      <buildingSizeCategory>Medium</buildingSizeCategory>
    </building>
  </ThingDef>

  <ThingDef ParentName="FurnitureWithQualityBase">
    <defName>PlantPot</defName>
    <label>plant pot</label>
    <description>Plant decorative flowers here to improve the mood of people nearby.</description>
    <thingClass>Building_PlantGrower</thingClass>
    <graphicData>
      <texPath>Things/Building/Furniture/PlantPot</texPath>
      <graphicClass>Graphic_Single</graphicClass>
      <shadowData>
        <volume>(0.55, 0.35, 0.3)</volume>
        <offset>(0, 0, -0.28)</offset>
      </shadowData>
      <damageData>
        <rect>(0.2,0.2,0.6,0.6)</rect>
      </damageData>
    </graphicData>
    <altitudeLayer>Building</altitudeLayer>
    <passability>PassThroughOnly</passability>
    <fillPercent>0.20</fillPercent>
    <statBases>
      <MaxHitPoints>75</MaxHitPoints>
      <WorkToBuild>250</WorkToBuild>
      <Mass>2</Mass>
      <Flammability>1.0</Flammability>
    </statBases>
    <stuffCategories>
      <li>Metallic</li>
      <li>Woody</li>
      <li>Stony</li>
    </stuffCategories>
    <costStuffCount>20</costStuffCount>
    <comps>
      <li Class="CompProperties_Forbiddable"/>
      <li Class="CompProperties_Styleable" />
    </comps>
    <fertility>1.0</fertility>
    <designationHotKey>Misc9</designationHotKey>
    <leaveResourcesWhenKilled>false</leaveResourcesWhenKilled>
    <building>
      <defaultPlantToGrow>Plant_Daylily</defaultPlantToGrow>
      <sowTag>Decorative</sowTag>
    </building>
    <rotatable>false</rotatable>
    <uiIconOffset>(0, -0.05)</uiIconOffset>
  </ThingDef>

  <!-- ======================== Lighting ======================= -->

  <ThingDef Name="TorchLamp" ParentName="BuildingBase">
    <defName>TorchLamp</defName>
    <label>torch lamp</label>
    <description>A wooden torch for lighting an area. People need light to move and work at full speed. Can be automatically refueled with wood. Produces a small amount of heat.</description>
    <category>Building</category>
    <graphicData>
      <texPath>Things/Building/Misc/TorchLamp</texPath>
      <graphicClass>Graphic_Single</graphicClass>
      <drawRotated>false</drawRotated>
      <damageData>
        <rect>(0.35,0.35,0.3,0.3)</rect>
      </damageData>
    </graphicData>
    <uiIconPath>Things/Building/Misc/TorchLamp_MenuIcon</uiIconPath>
    <uiIconScale>0.85</uiIconScale>
    <rotatable>false</rotatable>
    <altitudeLayer>Building</altitudeLayer>
    <passability>PassThroughOnly</passability>
    <pathCost>14</pathCost>
    <constructEffect>ConstructWood</constructEffect>
    <tickerType>Normal</tickerType>
    <drawerType>RealtimeOnly</drawerType>
    <fillPercent>0.15</fillPercent>
    <statBases>
      <MaxHitPoints>75</MaxHitPoints>
      <WorkToBuild>100</WorkToBuild>
      <Flammability>0</Flammability>
      <MeditationFocusStrength>0.0</MeditationFocusStrength>
      <StyleDominance MayRequire="Ludeon.RimWorld.Ideology">5</StyleDominance>
    </statBases>
    <selectable>true</selectable>
    <costList>
      <WoodLog>20</WoodLog>
    </costList>
    <building>
      <artificialForMeditationPurposes>false</artificialForMeditationPurposes>
    </building>
    <soundImpactDefault>BulletImpact_Ground</soundImpactDefault>
    <leaveResourcesWhenKilled>false</leaveResourcesWhenKilled>
    <resourcesFractionWhenDeconstructed>0</resourcesFractionWhenDeconstructed>
    <placeWorkers>
      <li>PlaceWorker_Heater</li>
      <li>PlaceWorker_MeditationOffsetBuildingsNear</li>
    </placeWorkers>
    <drawPlaceWorkersWhileSelected>true</drawPlaceWorkersWhileSelected>
    <comps>
      <li Class="CompProperties_Styleable" />
      <li Class="CompProperties_Refuelable">
        <fuelConsumptionRate>2.0</fuelConsumptionRate>
        <fuelCapacity>20.0</fuelCapacity>
        <fuelConsumptionPerTickInRain>0.0006</fuelConsumptionPerTickInRain>
        <fuelFilter>
          <thingDefs>
            <li>WoodLog</li>
          </thingDefs>
        </fuelFilter>
        <initialFuelPercent>1</initialFuelPercent>
        <showAllowAutoRefuelToggle>true</showAllowAutoRefuelToggle>
      </li>
      <li Class="CompProperties_Glower">
        <glowRadius>10</glowRadius>
        <glowColor>(252,187,113,0)</glowColor>
      </li>
      <li Class="CompProperties_HeatPusher">
        <compClass>CompHeatPusherPowered</compClass>
        <heatPerSecond>3.5</heatPerSecond>
        <heatPushMaxTemperature>23</heatPushMaxTemperature>
      </li>
      <li Class="CompProperties_FireOverlay">
        <fireSize>0.4</fireSize>
        <offset>(0,0,0.2)</offset>
      </li>
      <li Class="CompProperties_MeditationFocus">
        <statDef>MeditationFocusStrength</statDef>
        <focusTypes><li>Flame</li></focusTypes>
        <offsets>
          <li Class="FocusStrengthOffset_Lit">
            <offset>0.1</offset>
          </li>
          <li Class="FocusStrengthOffset_BuildingDefsLit">
            <defs>
              <li>Campfire</li>
              <li>TorchLamp</li>
              <li MayRequire="Ludeon.RimWorld.Royalty">Brazier</li>
              <li MayRequire="Ludeon.RimWorld.Ideology">Darktorch</li>
              <li MayRequire="Ludeon.RimWorld.Ideology">DarktorchFungus</li>
            </defs>
            <offsetPerBuilding>0.01</offsetPerBuilding>
            <radius>9.9</radius>
            <maxBuildings>8</maxBuildings>
            <explanationKey>MeditationFocusPerFlame</explanationKey>
            <explanationKeyAbstract>MeditationFocusPerFlameAbstract</explanationKeyAbstract>
          </li>
        </offsets>
      </li>
    </comps>
    <designationCategory>Furniture</designationCategory>
    <designationHotKey>Misc10</designationHotKey>
  </ThingDef>


  <ThingDef Abstract="True" Name="LampBase" ParentName="BuildingBase">
    <thingClass>Building</thingClass>
    <category>Building</category>
    <minifiedDef>MinifiedThing</minifiedDef>
    <altitudeLayer>Building</altitudeLayer>
    <passability>PassThroughOnly</passability>
    <selectable>true</selectable>
    <fillPercent>0.20</fillPercent>
    <pathCost>14</pathCost>
    <leaveResourcesWhenKilled>false</leaveResourcesWhenKilled>
    <soundImpactDefault>BulletImpact_Metal</soundImpactDefault>
    <designationCategory>Furniture</designationCategory>
    <rotatable>false</rotatable>
    <uiIconOffset>(0, 0.03)</uiIconOffset>
    <thingCategories>
      <li>BuildingsFurniture</li>
    </thingCategories>
    <graphicData>
      <graphicClass>Graphic_Single</graphicClass>
      <shadowData>
        <volume>(0.3, 0.6, 0.3)</volume>
        <offset>(0,0,-0.1)</offset>
      </shadowData>
      <damageData>
        <rect>(0.2,0.2,0.6,0.6)</rect>
      </damageData>
    </graphicData>
    <comps>
      <li Class="CompProperties_Flickable"/>
    </comps>
    <statBases>
      <MaxHitPoints>50</MaxHitPoints>
      <WorkToBuild>300</WorkToBuild>
      <Flammability>1.0</Flammability>
    </statBases>
    <researchPrerequisites>
      <li>Electricity</li>
    </researchPrerequisites>
  </ThingDef>

  <ThingDef Abstract="True" Name="StandingLampBase" ParentName="LampBase">
    <graphicData>
      <texPath>Things/Building/Furniture/LampStanding</texPath>
    </graphicData>
    <costList>
      <Steel>20</Steel>
    </costList>
    <statBases>
      <Mass>4</Mass>
      <StyleDominance MayRequire="Ludeon.RimWorld.Ideology">5</StyleDominance>
    </statBases>
    <comps>
      <li Class="CompProperties_Power">
        <compClass>CompPowerTrader</compClass>
        <basePowerConsumption>30</basePowerConsumption>
      </li>
      <li Class="CompProperties_Styleable" />
    </comps>
  </ThingDef>
  
  <ThingDef ParentName="StandingLampBase" >
    <defName>StandingLamp</defName>
    <label>standing lamp</label>
    <description>An electrical standing lamp that lights an area. People need light to move and work at full speed.</description>
    <designationHotKey>Misc11</designationHotKey>
    <comps>
      <li Class="CompProperties_Glower">
        <glowRadius>12</glowRadius>
        <glowColor>(217,217,208,0)</glowColor>
      </li>
    </comps>
  </ThingDef>

  <ThingDef ParentName="StandingLampBase">
    <defName>StandingLamp_Red</defName>
    <label>standing lamp (red)</label>
    <description>A standing lamp that lights an area in red.</description>
    <designatorDropdown>StandingLampColored</designatorDropdown>
    <comps>
      <li Class="CompProperties_Glower">
        <glowRadius>12</glowRadius>
        <glowColor>(217,80,80,0)</glowColor>
      </li>
    </comps>
    <researchPrerequisites Inherit="False">
      <li>ColoredLights</li>
    </researchPrerequisites>
  </ThingDef>

  <ThingDef ParentName="StandingLampBase">
    <defName>StandingLamp_Green</defName>
    <label>standing lamp (green)</label>
    <description>A standing lamp that lights an area in green.</description>
    <designatorDropdown>StandingLampColored</designatorDropdown>
    <comps>   
      <li Class="CompProperties_Glower">
        <glowRadius>12</glowRadius>
        <glowColor>(80,217,80,0)</glowColor>
      </li>
    </comps>
    <researchPrerequisites Inherit="False">
      <li>ColoredLights</li>
    </researchPrerequisites>
  </ThingDef>

  <ThingDef ParentName="StandingLampBase">
    <defName>StandingLamp_Blue</defName>
    <label>standing lamp (blue)</label>
    <description>A standing lamp that lights an area in blue.</description>
    <designatorDropdown>StandingLampColored</designatorDropdown>
    <comps>
      <li Class="CompProperties_Glower">
        <glowRadius>12</glowRadius>
        <glowColor>(80,80,217,0)</glowColor>
      </li>
    </comps>
    <researchPrerequisites Inherit="False">
      <li>ColoredLights</li>
    </researchPrerequisites>
  </ThingDef>

  <ThingDef ParentName="LampBase">
    <defName>SunLamp</defName>
    <label>sun lamp</label>
    <description>An industrial lamp which lights an area brightly enough to grow crops, but consumes a huge amount of power. Automatically turns itself off at night.</description>
    <thingClass>Building_SunLamp</thingClass>
    <graphicData>
      <texPath>Things/Building/Production/LampSun</texPath>
    </graphicData>
    <blockWind>true</blockWind>
    <tickerType>Rare</tickerType>
    <statBases>
      <WorkToBuild>330</WorkToBuild>
      <Mass>4.5</Mass>
    </statBases>
    <costList>
      <Steel>40</Steel>
    </costList>
    <comps>
      <li Class="CompProperties_Glower">
        <overlightRadius>7.0</overlightRadius>
        <glowRadius>14</glowRadius>
        <glowColor>(370,370,370,0)</glowColor>
      </li>
      <li Class="CompProperties_Power">
        <compClass>CompPowerTrader</compClass>
        <shortCircuitInRain>true</shortCircuitInRain>
        <basePowerConsumption>2900</basePowerConsumption>
      </li>
      <li Class="CompProperties_Schedule">
        <!-- Match plant growing times -->
        <startTime>0.25</startTime>
        <endTime>0.8</endTime>
        <offMessage>Off for plant resting period</offMessage>
      </li>
      <li Class="CompProperties_HeatPusher">
        <compClass>CompHeatPusherPowered</compClass>
        <heatPerSecond>3</heatPerSecond>
      </li>
    </comps>
    <!-- Determined by trial and error
    This value isn't perfect because these radii use different algorithms
    but it matches in this case-->
    <specialDisplayRadius>5.8</specialDisplayRadius>
  </ThingDef>


  <!--============================== Storage ==============================-->


  <ThingDef ParentName="FurnitureWithQualityBase">
    <defName>Shelf</defName>
    <label>shelf</label>
    <description>A shelf for storing miscellaneous items. Items stored in this will not affect room beauty and they won't deteriorate, even if outside.</description>
    <thingClass>Building_Storage</thingClass>
    <graphicData>
      <texPath>Things/Building/Furniture/Shelf</texPath>
      <graphicClass>Graphic_Multi</graphicClass>
      <drawSize>(3,2)</drawSize>
    </graphicData>
    <altitudeLayer>Building</altitudeLayer>
    <passability>PassThroughOnly</passability>
    <fillPercent>0.4</fillPercent>
    <castEdgeShadows>true</castEdgeShadows>
    <pathCost>50</pathCost>
    <stuffCategories>
      <li>Metallic</li>
      <li>Woody</li>
      <li>Stony</li>
    </stuffCategories>
    <costStuffCount>30</costStuffCount>
    <statBases>
      <MaxHitPoints>100</MaxHitPoints>
      <Mass>8</Mass>
      <WorkToBuild>600</WorkToBuild>
      <Flammability>1.0</Flammability>
      <Beauty>0.5</Beauty>
    </statBases>
    <size>(2,1)</size>
    <defaultPlacingRot>South</defaultPlacingRot>
    <building>
      <preventDeteriorationOnTop>true</preventDeteriorationOnTop>
      <ignoreStoredThingsBeauty>true</ignoreStoredThingsBeauty>
      <fixedStorageSettings>
        <filter>
          <disallowNotEverStorable>true</disallowNotEverStorable>
          <categories>
            <li>Root</li>
          </categories>
        </filter>
      </fixedStorageSettings>
      <defaultStorageSettings>
        <priority>Important</priority>
        <filter>
          <categories>
            <li>Weapons</li>
          </categories>
        </filter>
      </defaultStorageSettings>
    </building>
    <inspectorTabs>
      <li>ITab_Storage</li>
    </inspectorTabs>
    <designationHotKey>Misc12</designationHotKey>
    <staticSunShadowHeight>0.5</staticSunShadowHeight>
    <surfaceType>Item</surfaceType>
    <canOverlapZones>false</canOverlapZones>
    <researchPrerequisites>
      <li>ComplexFurniture</li>
    </researchPrerequisites>
    <comps>
      <li Class="CompProperties_Styleable" />
    </comps>
  </ThingDef>

  <!--============================== Dressers ==============================-->

  <ThingDef ParentName="ArtableFurnitureBase">
    <defName>Dresser</defName>
    <label>dresser</label>
    <description>A dresser. Gives a small comfort bonus to all nearby beds. Placing more than one dresser near the same bed has no effect.</description>
    <graphicData>
      <texPath>Things/Building/Furniture/Dresser</texPath>
      <graphicClass>Graphic_Multi</graphicClass>
      <drawSize>(2,1)</drawSize>
      <damageData>
        <cornerTL>Damage/Corner</cornerTL>
        <cornerTR>Damage/Corner</cornerTR>
        <cornerBL>Damage/Corner</cornerBL>
        <cornerBR>Damage/Corner</cornerBR>
      </damageData>
    </graphicData>
    <altitudeLayer>Building</altitudeLayer>
    <passability>PassThroughOnly</passability>
    <fillPercent>0.4</fillPercent>
    <castEdgeShadows>true</castEdgeShadows>
    <pathCost>42</pathCost>
    <stuffCategories>
      <li>Metallic</li>
      <li>Woody</li>
      <li>Stony</li>
    </stuffCategories>
    <defaultPlacingRot>South</defaultPlacingRot>
    <costStuffCount>50</costStuffCount>
    <statBases>
      <MaxHitPoints>120</MaxHitPoints>
      <Mass>15</Mass>
      <WorkToBuild>2000</WorkToBuild>
      <Flammability>1.0</Flammability>
      <Beauty>5</Beauty>
    </statBases>
    <size>(2,1)</size>
    <designationHotKey>Misc12</designationHotKey>
    <staticSunShadowHeight>0.5</staticSunShadowHeight>
    <surfaceType>Item</surfaceType>
    <canOverlapZones>false</canOverlapZones>
    <placeWorkers>
      <li>PlaceWorker_ShowFacilitiesConnections</li>
    </placeWorkers>
    <researchPrerequisites>
      <li>ComplexFurniture</li>
    </researchPrerequisites>
    <comps>
      <li Class="CompProperties_Facility">
        <statOffsets>
          <Comfort>0.05</Comfort>
        </statOffsets>
        <maxSimultaneous>1</maxSimultaneous>
        <maxDistance>6</maxDistance>
      </li>
    </comps>
  </ThingDef>

</Defs>
