﻿<?xml version="1.0" encoding="utf-8" ?>
<Defs>

  <InteractionDef>
    <defName>AnimalChat</defName>
    <label>animal chat</label>
    <symbol>Things/Mote/SpeechSymbols/AnimalChat</symbol>
    <initiatorXpGainSkill>Animals</initiatorXpGainSkill>
    <initiatorXpGainAmount>70</initiatorXpGainAmount>
    <logRulesInitiator>
      <rulesStrings>
        <li>r_logentry(p=5)->[INITIATOR_nameDef] [tamed] [RECIPIENT_nameDef].</li>
        <li>r_logentry->[INITIATOR_nameDef] sat near [RECIPIENT_nameDef] and talked to [INITIATOR_objective]self about [TalkTopicAny].</li>
        <li>r_logentry->[INITIATOR_nameDef] approached [RECIPIENT_nameDef] while whispering to [INITIATOR_objective]self about [TalkTopicAny].</li>
        <li>r_logentry->[INITIATOR_nameDef] came near [RECIPIENT_nameDef] while talking to [INITIATOR_objective]self about [TalkTopicAny].</li>

        <li>tamed->made calming noises towards</li>
        <li>tamed->offered slow, friendly gestures to</li>
        <li>tamed->made shushing noises at</li>
        <li>tamed->made happy clicking noises at</li>
        <li>tamed->gestured gently and approached</li>
        <li>tamed->slowly approached</li>
        <li>tamed->gently touched</li>
        <li>tamed->calmed and encouraged</li>
        <li>tamed->matched breathing with</li>
        <li>tamed->took a low stance while approaching</li>
        <li>tamed->showed no fear or anger to</li>
        <li>tamed->feigned inattention towards</li>
        <li>tamed->gently hummed a song at</li>
        <li>tamed->sang an old lullaby at</li>
        <li>tamed->firmly yet softly touched</li>
        <li>tamed->showed a relaxed attitude towards</li>
        <li>tamed->sat patiently near</li>
        <li>tamed->whispered a story about [TalkTopicAny] to</li>
      </rulesStrings>
    </logRulesInitiator>
  </InteractionDef>

 <InteractionDef>
    <defName>TameAttempt</defName>
    <label>tame attempt</label>
    <symbol>Things/Mote/SpeechSymbols/PrisonerRecruit</symbol>
    <workerClass>InteractionWorker_RecruitAttempt</workerClass>
    <initiatorXpGainSkill>Animals</initiatorXpGainSkill>
    <initiatorXpGainAmount>90</initiatorXpGainAmount>
    <logRulesInitiator>
      <rulesStrings>
        <li>r_logentry->[INITIATOR_nameDef] tried to tame [RECIPIENT_nameDef].</li>
        <li>r_logentry->[INITIATOR_nameDef] tried to bring [RECIPIENT_nameDef] under control.</li>
        <li>r_logentry->[INITIATOR_nameDef] attempted to collar [RECIPIENT_nameDef].</li>
        <li>r_logentry->[INITIATOR_nameDef] demanded obedience from [RECIPIENT_nameDef].</li>
        <li>r_logentry->[INITIATOR_nameDef] called [RECIPIENT_nameDef] to come to [INITIATOR_objective].</li>
        <li>r_logentry->[INITIATOR_nameDef] tried to make [RECIPIENT_nameDef] sit still.</li>
        <li>r_logentry->[INITIATOR_nameDef] seized [RECIPIENT_nameDef] sharply and barked a command.</li>
        <li>r_logentry->[INITIATOR_nameDef] attempted to hold [RECIPIENT_nameDef] still.</li>
        <li>r_logentry->[INITIATOR_nameDef] shouted a command at [RECIPIENT_nameDef].</li>
        <li>r_logentry->[INITIATOR_nameDef] slapped [RECIPIENT_nameDef] in a show of dominance.</li>
        <li>r_logentry->[INITIATOR_nameDef] directed [RECIPIENT_nameDef] back towards the community.</li>
        <li>r_logentry->[INITIATOR_nameDef] called [RECIPIENT_nameDef] to come back to the community.</li>
        <li>r_logentry->[INITIATOR_nameDef] touched a vulnerable body part of [RECIPIENT_nameDef], demanding obedience.</li>
        <li>r_logentry->[INITIATOR_nameDef] pointed at the ground, demanding that [RECIPIENT_nameDef] come.</li>
        <li>r_logentry->[INITIATOR_nameDef] gave [RECIPIENT_nameDef] a first command.</li>
      </rulesStrings>
    </logRulesInitiator>
  </InteractionDef>

  <InteractionDef>
    <defName>TrainAttempt</defName>
    <label>train attempt</label>
    <symbol>Things/Mote/SpeechSymbols/TrainAttempt</symbol>
    <initiatorXpGainSkill>Animals</initiatorXpGainSkill>
    <initiatorXpGainAmount>70</initiatorXpGainAmount>
    <logRulesInitiator>
      <rulesStrings>
        <li>r_logentry->[INITIATOR_nameDef] [trained] [RECIPIENT_nameDef].</li>

        <li>trained(p=2)->[tried] to train</li>
        <li>trained->[tried] to show a new trick to</li>
        <li>trained->[tried] to discipline</li>
        <li>trained->[tried] to instruct</li>
        <li>trained->[tried] to encourage a new skill in</li>
        <li>trained->demonstrated a skill to</li>
        <li>trained->encouraged a new response from</li>

        <li>tried->tried</li>
        <li>tried->attempted</li>
      </rulesStrings>
    </logRulesInitiator>
  </InteractionDef>

  <InteractionDef>
    <defName>Nuzzle</defName>
    <label>nuzzle</label>
    <interactionMote>Mote_Thought</interactionMote>
    <symbol>Things/Mote/SpeechSymbols/Nuzzle</symbol>
    <workerClass>InteractionWorker_Nuzzle</workerClass>
    <logRulesInitiator>
      <rulesStrings>
        <li>r_logentry(p=2)->[INITIATOR_nameDef] [nuzzleadverb] [nuzzled] [RECIPIENT_nameDef].</li>
        <li>r_logentry->[INITIATOR_nameDef] [nuzzleadverb] rubbed [INITIATOR_possessive] nose against [RECIPIENT_nameDef]'s [rubbedpart].</li>

        <li>nuzzled(p=2)->nuzzled</li>
        <li>nuzzled->snuggled up to</li>

        <li>nuzzleadverb(p=4)-></li>
        <li>nuzzleadverb->gently</li>
        <li>nuzzleadverb->encouragingly</li>
        <li>nuzzleadverb->happily</li>
        <li>nuzzleadverb->softly</li>
        <li>nuzzleadverb->supportively</li>
        <li>nuzzleadverb->lightly</li>
        <li>nuzzleadverb->warmly</li>
        <li>nuzzleadverb->plaintively</li>
        <li>nuzzleadverb->lovingly</li>
        <li>nuzzleadverb->affectionately</li>

        <li>rubbedpart->leg</li>
        <li>rubbedpart->knee</li>
        <li>rubbedpart->foot</li>
        <li>rubbedpart->elbow</li>
        <li>rubbedpart->hip</li>
        <li>rubbedpart->shoulder</li>
        <li>rubbedpart->hand</li>
        <li>rubbedpart->side</li>
        <li>rubbedpart->arm</li>
      </rulesStrings>
    </logRulesInitiator>
  </InteractionDef>

  <InteractionDef>
    <defName>ReleaseToWild</defName>
    <label>release to the wild</label>
    <symbol>UI/Designators/ReleaseToTheWild</symbol>
    <logRulesInitiator>
      <rulesStrings>
        <li>r_logentry->[farewell] [released]</li>

        <li>farewell->[INITIATOR_nameDef] gently pet [RECIPIENT_nameDef] one last time</li>
        <li>farewell->[INITIATOR_nameDef] said some warm words to [RECIPIENT_nameDef]</li>
        <li>farewell->[INITIATOR_nameDef] removed [RECIPIENT_nameDef]'s collar</li>
        <li>farewell->[INITIATOR_nameDef] reminisced about the good time [INITIATOR_objective] had with [RECIPIENT_nameDef]</li>
        
        <li>released->and released [RECIPIENT_objective] to the wild.</li>
        <li>released->and set [RECIPIENT_objective] free.</li>
        <li>released->and sent [RECIPIENT_objective] off.</li>
        <li>released->and let [RECIPIENT_objective] go.</li>
        <li>released->then turned away and let [RECIPIENT_objective] leave the colony.</li>
        <li>released->before letting [RECIPIENT_objective] go to live in freedom.</li>
      </rulesStrings>
    </logRulesInitiator>
  </InteractionDef>

</Defs>
