﻿<?xml version="1.0" encoding="utf-8" ?>
<Defs>

  <StatDef>
    <defName>WorkToBuild</defName>
    <label>work to build</label>
    <description>The base amount of work it takes to build a structure, once all materials are gathered.</description>
    <category>Building</category>
    <defaultBaseValue>1</defaultBaseValue>
    <minValue>0</minValue>
    <toStringStyle>WorkAmount</toStringStyle>
    <roundToFiveOver>300</roundToFiveOver>
    <showIfUndefined>false</showIfUndefined>
    <scenarioRandomizable>true</scenarioRandomizable>
    <displayPriorityInCategory>3101</displayPriorityInCategory>
  </StatDef>

  <StatDef>
    <defName>DoorOpenSpeed</defName>
    <label>door opening speed</label>
    <description>The speed at which the door opens when unpowered.\n\nSlow doors will slow down everyone who uses them.</description>
    <category>Building</category>
    <defaultBaseValue>1</defaultBaseValue>
    <minValue>0.2</minValue>
    <toStringStyle>PercentZero</toStringStyle>
    <displayPriorityInCategory>3102</displayPriorityInCategory>
  </StatDef>

  <StatDef>
    <defName>BedRestEffectiveness</defName>
    <label>rest effectiveness</label>
    <description>How fast people sleeping on this gain rest.</description>
    <category>Building</category>
    <defaultBaseValue>0.0</defaultBaseValue>
    <minValue>0.4</minValue>
    <valueIfMissing>0.8</valueIfMissing>
    <toStringStyle>PercentZero</toStringStyle>
    <showIfUndefined>false</showIfUndefined>
    <parts>
      <li Class="StatPart_Quality">
        <factorAwful>0.86</factorAwful>
        <factorPoor>0.92</factorPoor>
        <factorNormal>1</factorNormal>
        <factorGood>1.08</factorGood>
        <factorExcellent>1.14</factorExcellent>
        <factorMasterwork>1.25</factorMasterwork>
        <factorLegendary>1.6</factorLegendary>
      </li>
    </parts>
    <displayPriorityInCategory>4000</displayPriorityInCategory>
  </StatDef>

  <StatDef>
    <defName>TrapMeleeDamage</defName>
    <workerClass>StatWorker_MeleeDamageAmountTrap</workerClass>
    <label>trap melee damage</label>
    <description>How much damage this trap does on average.\n\nThe actual damage in any instance will vary randomly.</description>
    <category>Building</category>
    <defaultBaseValue>1</defaultBaseValue>
    <minValue>1</minValue>
    <toStringStyle>Integer</toStringStyle>
    <showIfUndefined>false</showIfUndefined>
    <displayPriorityInCategory>5001</displayPriorityInCategory>
  </StatDef>
  
  <StatDef>
    <defName>TrapSpringChance</defName>
    <label>trap spring chance</label>
    <description>The likelihood that the trap will spring when an unaware creature passes over it.</description>
    <category>Building</category>
    <defaultBaseValue>1</defaultBaseValue>
    <minValue>0</minValue>
    <toStringStyle>PercentZero</toStringStyle>
    <showIfUndefined>false</showIfUndefined>
    <displayPriorityInCategory>5000</displayPriorityInCategory>
  </StatDef>
  
  <StatDef>
    <defName>ResearchSpeedFactor</defName>
    <label>research speed factor</label>
    <description>The speed at which people do research is multiplied by this value.</description>
    <category>Building</category>
    <defaultBaseValue>1</defaultBaseValue>
    <minValue>0.25</minValue>
    <toStringStyle>PercentZero</toStringStyle>
    <showIfUndefined>false</showIfUndefined>
    <parts>
      <li Class="StatPart_Outdoors">
        <factorIndoors>1.00</factorIndoors>
        <factorOutdoors>0.75</factorOutdoors>
      </li>
      <li Class="StatPart_WorkTableTemperature" />
      <li Class="StatPart_RoomStat">
        <roomStat>ResearchSpeedFactor</roomStat>
        <customLabel>Room cleanliness</customLabel>
      </li>
    </parts>
    <displayPriorityInCategory>1000</displayPriorityInCategory>
  </StatDef>
  
  <StatDef>
    <defName>MedicalTendQualityOffset</defName>
    <label>medical tend quality offset</label>
    <description>Medical tend quality is offset by this value.</description>
    <category>Building</category>
    <defaultBaseValue>0</defaultBaseValue>
    <minValue>0</minValue>
    <toStringStyle>PercentZero</toStringStyle>
    <hideAtValue>0</hideAtValue>
    <displayPriorityInCategory>2000</displayPriorityInCategory>
  </StatDef>
  
  <StatDef>
    <defName>ImmunityGainSpeedFactor</defName>
    <label>immunity gain speed factor</label>
    <description>Immunity gain speed is multiplied by this value.</description>
    <category>Building</category>
    <defaultBaseValue>1</defaultBaseValue>
    <minValue>0.5</minValue>
    <toStringStyle>PercentZero</toStringStyle>
    <hideAtValue>1</hideAtValue>
    <displayPriorityInCategory>4000</displayPriorityInCategory>
  </StatDef>

  <StatDef>
    <defName>WorkTableWorkSpeedFactor</defName>
    <label>work speed factor</label>
    <description>Work speed is multiplied by this value.</description>
    <category>Building</category>
    <defaultBaseValue>1</defaultBaseValue>
    <minValue>0.1</minValue>
    <toStringStyle>PercentZero</toStringStyle>
    <showOnNonWorkTables>false</showOnNonWorkTables>
    <parts>
      <li Class="StatPart_WorkTableUnpowered" />
      <li Class="StatPart_WorkTableTemperature" />
      <li Class="StatPart_WorkTableOutdoors" />
    </parts>
    <displayPriorityInCategory>3000</displayPriorityInCategory>
  </StatDef>

  <StatDef>
    <defName>WorkTableEfficiencyFactor</defName>
    <label>work efficiency factor</label>
    <description>Work efficiency is multiplied by this value.</description>
    <category>Building</category>
    <defaultBaseValue>1</defaultBaseValue>
    <minValue>0.1</minValue>
    <toStringStyle>PercentZero</toStringStyle>
    <showOnNonWorkTables>false</showOnNonWorkTables>
    <hideAtValue>1</hideAtValue>
    <displayPriorityInCategory>3000</displayPriorityInCategory>
  </StatDef>

  <StatDef>
    <defName>JoyGainFactor</defName>
    <label>recreation power</label>
    <description>How effectively this item entertains people and fulfills the need for recreation.</description>
    <category>Building</category>
    <defaultBaseValue>1</defaultBaseValue>
    <minValue>0.3</minValue>
    <toStringStyle>PercentZero</toStringStyle>
    <showIfUndefined>false</showIfUndefined>
    <parts>
      <li Class="StatPart_Quality">
        <factorAwful>0.76</factorAwful>
        <factorPoor>0.88</factorPoor>
        <factorNormal>1</factorNormal>
        <factorGood>1.12</factorGood>
        <factorExcellent>1.24</factorExcellent>
        <factorMasterwork>1.4</factorMasterwork>
        <factorLegendary>1.8</factorLegendary>
      </li>
    </parts>
    <displayPriorityInCategory>4010</displayPriorityInCategory>
  </StatDef>
  
  <StatDef>
    <defName>SurgerySuccessChanceFactor</defName>
    <label>surgery success chance factor</label>
    <description>A multiplier to the chance that a surgery will succeed when performed here.\n\nSurgery success chances are also affected by many other factors, including the surgeon's ability and medicine used.</description>
    <workerClass>StatWorker_SurgerySuccessChanceFactor</workerClass>
    <category>Building</category>
    <defaultBaseValue>1.00</defaultBaseValue>
    <minValue>0</minValue>
    <toStringStyle>PercentZero</toStringStyle>
    <parts>
      <li Class="StatPart_RoomStat">
        <roomStat>SurgerySuccessChanceCleanlinessFactor</roomStat>
        <customLabel>Room cleanliness</customLabel>
      </li>
      <li Class="StatPart_Glow">
        <factorFromGlowCurve>
          <points>
            <li>(0,0.75)</li>
            <li>(0.50,1.00)</li>
          </points>
        </factorFromGlowCurve>
        <ignoreIfPrefersDarkness>true</ignoreIfPrefersDarkness>
      </li>
      <li Class="StatPart_Outdoors">
        <factorIndoors>1</factorIndoors>
        <factorOutdoors>0.85</factorOutdoors>
      </li>
      <li Class="StatPart_Quality">
        <factorAwful>0.90</factorAwful>
        <factorPoor>0.95</factorPoor>
        <factorNormal>1</factorNormal>
        <factorGood>1.05</factorGood>
        <factorExcellent>1.1</factorExcellent>
        <factorMasterwork>1.15</factorMasterwork>
        <factorLegendary>1.3</factorLegendary>
      </li>
    </parts>
    <displayPriorityInCategory>4100</displayPriorityInCategory>
  </StatDef>
  
</Defs>
