﻿<?xml version="1.0" encoding="utf-8" ?>
<Defs>

  <StatDef>
    <defName>MeleeWeapon_AverageDPS</defName>
    <workerClass>StatWorker_MeleeAverageDPS</workerClass>
    <label>melee damage per second</label>
    <description>Average damage dealt per second in melee combat, if all attacks hit.</description>
    <category>Weapon</category>
    <defaultBaseValue>1</defaultBaseValue>
    <minValue>0</minValue>
    <toStringStyle>FloatTwo</toStringStyle>
    <forInformationOnly>true</forInformationOnly>
    <displayPriorityInCategory>5010</displayPriorityInCategory>
  </StatDef>

  <StatDef>
    <defName>MeleeWeapon_AverageArmorPenetration</defName>
    <workerClass>StatWorker_MeleeAverageArmorPenetration</workerClass>
    <label>melee armor penetration</label>
    <description>Average armor penetration in melee combat.</description>
    <category>Weapon</category>
    <defaultBaseValue>0</defaultBaseValue>
    <minValue>0</minValue>
    <toStringStyle>PercentZero</toStringStyle>
    <displayPriorityInCategory>5009</displayPriorityInCategory>
    <forInformationOnly>true</forInformationOnly>
  </StatDef>

  <StatDef>
    <defName>MeleeWeapon_DamageMultiplier</defName>
    <label>melee damage multiplier</label>
    <description>A damage multiplier applied to melee combat.</description>
    <category>Weapon</category>
    <defaultBaseValue>1</defaultBaseValue>
    <minValue>0</minValue>
    <toStringStyle>PercentZero</toStringStyle>
    <showIfUndefined>false</showIfUndefined>
    <displayPriorityInCategory>5008</displayPriorityInCategory>
    <parts>
      <li Class="StatPart_Quality">
        <factorAwful>0.8</factorAwful>
        <factorPoor>0.9</factorPoor>
        <factorNormal>1</factorNormal>
        <factorGood>1.1</factorGood>
        <factorExcellent>1.2</factorExcellent>
        <factorMasterwork>1.45</factorMasterwork>
        <factorLegendary>1.65</factorLegendary>
      </li>
    </parts>
    <scenarioRandomizable>true</scenarioRandomizable>
  </StatDef>

  

  <!-- Damage multipliers should be stats on stuffs only-->
  
  <StatDef>
    <defName>MeleeWeapon_CooldownMultiplier</defName>
    <label>melee cooldown</label>
    <description>A multiplier on attack delay for weapons made of this material.</description>
    <category>StuffStatFactors</category>
    <defaultBaseValue>1</defaultBaseValue>
    <minValue>0.05</minValue>
    <toStringStyle>PercentZero</toStringStyle>
    <showIfUndefined>false</showIfUndefined>
    <displayPriorityInCategory>4504</displayPriorityInCategory>
  </StatDef>

  <StatDef>
    <defName>SharpDamageMultiplier</defName>
    <label>sharp damage</label>
    <description>A multiplier on damage from sharp-type attacks for weapons made of this material.</description>
    <category>StuffStatFactors</category>
    <defaultBaseValue>1</defaultBaseValue>
    <minValue>0.05</minValue>
    <toStringStyle>PercentZero</toStringStyle>
    <showIfUndefined>false</showIfUndefined>
    <displayPriorityInCategory>4505</displayPriorityInCategory>
  </StatDef>

  <StatDef>
    <defName>BluntDamageMultiplier</defName>
    <label>blunt damage</label>
    <description>A multiplier on damage from blunt-type attacks for weapons made of this material.</description>
    <category>StuffStatFactors</category>
    <defaultBaseValue>1</defaultBaseValue>
    <minValue>0.05</minValue>
    <toStringStyle>PercentZero</toStringStyle>
    <showIfUndefined>false</showIfUndefined>
    <displayPriorityInCategory>4506</displayPriorityInCategory>
  </StatDef>

</Defs>
