﻿<?xml version="1.0" encoding="utf-8" ?>
<Defs>

  <StatDef>
    <defName>MaxHitPoints</defName>
    <label>max hit points</label>
    <description>The maximum hit points of an object.\n\nThis represents how much damage it can take before being destroyed.</description>
    <category>BasicsNonPawnImportant</category>
    <defaultBaseValue>100</defaultBaseValue>
    <minValue>1</minValue>
    <roundValue>true</roundValue>
    <toStringStyle>Integer</toStringStyle>
    <roundToFiveOver>200</roundToFiveOver>
    <showNonAbstract>true</showNonAbstract>
    <scenarioRandomizable>true</scenarioRandomizable>
    <showOnPawns>false</showOnPawns>
    <displayPriorityInCategory>99997</displayPriorityInCategory>
  </StatDef>
  
  <StatDef>
    <defName>Mass</defName>
    <label>mass</label>
    <description>The physical mass of an object.</description>
    <category>Basics</category>
    <defaultBaseValue>1</defaultBaseValue>
    <minValue>0</minValue>
    <toStringStyle>FloatTwoOrThree</toStringStyle>
    <formatString>{0} kg</formatString>
    <minifiedThingInherits>true</minifiedThingInherits>
    <displayPriorityInCategory>1500</displayPriorityInCategory>
    <showOnUnhaulables>false</showOnUnhaulables>
    <parts>
      <li Class="StatPart_BodySize" />
      <li Class="StatPart_NaturalNotMissingBodyPartsCoverage" />
      <li Class="StatPart_GearAndInventoryMass" />
      <li Class="StatPart_UnfinishedThingIngredientsMass" />
      <li Class="StatPart_AddedBodyPartsMass" />
    </parts>
  </StatDef>

  <StatDef Name="MarketValueBase" Abstract="True">
    <workerClass>StatWorker_MarketValue</workerClass>
    <category>BasicsImportant</category>
    <minValue>0</minValue>
    <toStringStyle>Money</toStringStyle>
    <roundToFiveOver>200</roundToFiveOver>
    <displayPriorityInCategory>2510</displayPriorityInCategory>
    <minifiedThingInherits>true</minifiedThingInherits>
    <showOnUntradeables>false</showOnUntradeables>
    <scenarioRandomizable>true</scenarioRandomizable>
    <parts>
      <li Class="StatPart_Quality">
        <factorAwful>0.5</factorAwful>
        <factorPoor>0.75</factorPoor>
        <factorNormal>1</factorNormal>
        <factorGood>1.25</factorGood>
        <maxGainGood>500</maxGainGood>
        <factorExcellent>1.5</factorExcellent>
        <maxGainExcellent>1000</maxGainExcellent>
        <factorMasterwork>2.5</factorMasterwork>
        <maxGainMasterwork>2000</maxGainMasterwork>
        <factorLegendary>5</factorLegendary>
        <maxGainLegendary>3000</maxGainLegendary>
      </li>
      <li Class="StatPart_WornByCorpse"/>
      <li Class="StatPart_IsCorpseFresh"/>
      <li Class="StatPart_WeaponTraitsMarketValueOffset"/>
      <li Class="StatPart_Biocoded"/>
      <li Class="StatPart_ReloadMarketValue"/>
    </parts>
  </StatDef>
  
  <StatDef ParentName="MarketValueBase">
    <defName>MarketValue</defName>
    <label>market value</label>
    <description>The market value of an object.\n\nThe actual trade price will be adjusted by negotiation skill, relationship status, and other contextual factors.</description>
    <parts>
      <li Class="StatPart_Health">
        <curve>
          <points>
            <li>(0.0, 0.0)</li>
            <li>(0.5, 0.1)</li>
            <li>(0.6, 0.5)</li>
            <li>(0.9, 1.0)</li>
          </points>
        </curve>
      </li>
    </parts>
  </StatDef>
  <StatDef ParentName="MarketValueBase">
    <defName>MarketValueIgnoreHp</defName>
    <label>market value ignoring hitpoints</label>
    <alwaysHide>true</alwaysHide>
  </StatDef>

  <StatDef>
    <defName>SellPriceFactor</defName>
    <label>sell price multiplier</label>
    <description>A multiplier on the price at which you can sell items.</description>
    <category>BasicsNonPawn</category>
    <showIfUndefined>false</showIfUndefined>
    <defaultBaseValue>1</defaultBaseValue>
    <minValue>0</minValue>
    <toStringStyle>PercentZero</toStringStyle>
    <displayPriorityInCategory>2509</displayPriorityInCategory>
    <showOnUntradeables>false</showOnUntradeables>
  </StatDef>

  <StatDef>
    <defName>RoyalFavorValue</defName>
    <label>honor value</label>
    <description>The amount of honor your trader will earn for giving this to a tribute collector.</description>
    <category>BasicsImportant</category>
    <defaultBaseValue>0</defaultBaseValue>
    <minValue>0</minValue>
    <toStringStyle>FloatMaxThree</toStringStyle>
    <showIfUndefined>false</showIfUndefined>
    <showIfModsLoaded><li>ludeon.rimworld.royalty</li></showIfModsLoaded>
    <displayPriorityInCategory>2508</displayPriorityInCategory>
  </StatDef>
  
  <StatDef>
    <defName>Flammability</defName>
    <label>flammability</label>
    <description>How easily an object catches fire and how quickly a fire will grow as it burns.</description>
    <category>BasicsNonPawn</category>
    <defaultBaseValue>0</defaultBaseValue>
    <minValue>0</minValue>
    <!-- Normalize to: 1 is wood, 0 is stone, 2 is like dry wispy paper or volatile fuel.-->
    <maxValue>2</maxValue>
    <toStringStyle>PercentZero</toStringStyle>
    <scenarioRandomizable>true</scenarioRandomizable>
    <displayPriorityInCategory>3000</displayPriorityInCategory>
  </StatDef>

  <StatDef>
    <defName>WorkToMake</defName>
    <label>work to make</label>
    <description>The base amount of work it takes to make an item, once all materials are gathered.</description>
    <category>BasicsNonPawn</category>
    <defaultBaseValue>1</defaultBaseValue>
    <minValue>0</minValue>
    <toStringStyle>WorkAmount</toStringStyle>
    <roundToFiveOver>300</roundToFiveOver>
    <showIfUndefined>false</showIfUndefined>
    <scenarioRandomizable>true</scenarioRandomizable>
    <displayPriorityInCategory>3100</displayPriorityInCategory>
  </StatDef>

  <StatDef>
    <defName>DeteriorationRate</defName>
    <label>deterioration rate</label>
    <description>The rate at which this item deteriorates when left outside, in average hit points of damage per day.\n\nDeterioration rate is also affected by things like weather, roofs, toxic fallout, or being left in shallow water.</description>
    <category>BasicsNonPawn</category>
    <showIfUndefined>false</showIfUndefined>
    <defaultBaseValue>0</defaultBaseValue>
    <minValue>0</minValue>
    <toStringStyle>FloatTwo</toStringStyle>
    <formatString>{0} / day</formatString>
    <parts>
      <li Class="StatPart_Quality">
        <factorAwful>2</factorAwful>
        <factorPoor>1.5</factorPoor>
        <factorNormal>1</factorNormal>
        <factorGood>0.8</factorGood>
        <factorExcellent>0.6</factorExcellent>
        <factorMasterwork>0.3</factorMasterwork>
        <factorLegendary>0.1</factorLegendary>
      </li>
    </parts>
    <scenarioRandomizable>true</scenarioRandomizable>
    <displayPriorityInCategory>2500</displayPriorityInCategory>
  </StatDef>

  <StatDef>
    <defName>Beauty</defName>
    <label>beauty</label>
    <description>How enjoyable an object is to look at.\n\nBeautiful objects fulfill characters' need for beauty.</description>
    <category>BasicsNonPawn</category>
    <defaultBaseValue>0</defaultBaseValue>
    <minValue>-1000</minValue>
    <hideAtValue>0</hideAtValue>
    <roundValue>true</roundValue>
    <toStringStyle>Integer</toStringStyle>
    <roundToFiveOver>100</roundToFiveOver>
    <applyFactorsIfNegative>false</applyFactorsIfNegative>
    <parts>
      <li Class="StatPart_Quality">
        <factorAwful>-0.1</factorAwful>
        <factorPoor>0.5</factorPoor>
        <factorNormal>1</factorNormal>
        <factorGood>2</factorGood>
        <factorExcellent>3</factorExcellent>
        <factorMasterwork>5</factorMasterwork>
        <factorLegendary>8</factorLegendary>
      </li>
    </parts>
    <displayPriorityInCategory>3000</displayPriorityInCategory>
  </StatDef>
  
  <StatDef>
    <defName>Cleanliness</defName>
    <label>cleanliness</label>
    <description>How much an object contributes to an area's cleanliness score.</description>
    <category>BasicsNonPawn</category>
    <defaultBaseValue>0</defaultBaseValue>
    <maxValue>1000</maxValue>
    <minValue>-1000</minValue>
    <hideAtValue>0</hideAtValue>
    <toStringStyle>FloatOne</toStringStyle>
    <applyFactorsIfNegative>false</applyFactorsIfNegative>
    <displayPriorityInCategory>3000</displayPriorityInCategory>
  </StatDef>

  <StatDef>
    <defName>Comfort</defName>
    <label>comfort</label>
    <description>How comfortable an object is to sit or lay on.\n\nUsing comfortable objects fulfills a character's need for comfort.</description>
    <category>BasicsNonPawn</category>
    <showIfUndefined>false</showIfUndefined>
    <defaultBaseValue>0</defaultBaseValue>
    <maxValue>1000</maxValue>
    <minValue>-1000</minValue>
    <toStringStyle>FloatTwo</toStringStyle>
    <applyFactorsIfNegative>false</applyFactorsIfNegative>
    <parts>
      <li Class="StatPart_Quality">
        <factorAwful>0.76</factorAwful>
        <factorPoor>0.88</factorPoor>
        <factorNormal>1</factorNormal>
        <factorGood>1.12</factorGood>
        <factorExcellent>1.24</factorExcellent>
        <factorMasterwork>1.45</factorMasterwork>
        <factorLegendary>1.7</factorLegendary>
      </li>
    </parts>
    <displayPriorityInCategory>3000</displayPriorityInCategory>
  </StatDef>
  
  <StatDef>
    <defName>Nutrition</defName>
    <label>nutrition</label>
    <description>How nutritious this food is.</description>
    <category>BasicsNonPawnImportant</category>
    <defaultBaseValue>0</defaultBaseValue>
    <minValue>0</minValue>
    <showIfUndefined>false</showIfUndefined>
    <toStringStyle>FloatTwo</toStringStyle>
    <parts>
      <li Class="StatPart_BodySize" />
      <li Class="StatPart_NaturalNotMissingBodyPartsCoverage" />
      <li Class="StatPart_PlantGrowthNutritionFactor" />
      <li Class="StatPart_IsFlesh" />
      <li Class="StatPart_IsCorpseFresh" />
    </parts>
    <displayPriorityInCategory>3000</displayPriorityInCategory>
  </StatDef>

  <StatDef>
    <defName>FoodPoisonChanceFixedHuman</defName>
    <label>food poison chance</label>
    <labelForFullStatList>food poison chance (food stat)</labelForFullStatList>
    <description>The chance this food will cause food poisoning.</description>
    <category>BasicsNonPawn</category>
    <defaultBaseValue>0</defaultBaseValue>
    <minValue>0</minValue>
    <hideAtValue>0</hideAtValue>
    <toStringStyle>PercentZero</toStringStyle>
    <parts>
      <li Class="StatPart_MaxChanceIfRotting" />
    </parts>
    <displayPriorityInCategory>4000</displayPriorityInCategory>
  </StatDef>

  <StatDef>
    <defName>ShootingAccuracyTurret</defName>
    <label>shooting accuracy</label>
    <labelForFullStatList>shooting accuracy (turrets)</labelForFullStatList>
    <description>Base chance to not miss per cell of shot distance.\n\nChance to hit is also affected by many other factors. A hit chance explanation for any shot can be seen by selecting a shooter and mousing over a target.</description>
    <category>BasicsNonPawn</category>
    <workerClass>StatWorker_ShootingAccuracy</workerClass>
    <defaultBaseValue>0.96</defaultBaseValue>
    <toStringStyle>PercentOne</toStringStyle>
    <toStringStyleUnfinalized>FloatOne</toStringStyleUnfinalized>
    <showIfUndefined>false</showIfUndefined>
    <displayPriorityInCategory>4000</displayPriorityInCategory>
  </StatDef>

</Defs>
