﻿<?xml version="1.0" encoding="utf-8" ?>
<Defs>

  <StatDef>
    <defName>WorkSpeedGlobal</defName>
    <label>global work speed</label>
    <description>A multiplier on a character's speed at doing any kind of work.</description>
    <category>PawnWork</category>
    <defaultBaseValue>1</defaultBaseValue>
    <minValue>0.3</minValue>
    <toStringStyle>PercentZero</toStringStyle>
    <parts>
      <li Class="StatPart_Glow">
        <factorFromGlowCurve>
          <points>
            <li>(0,0.80)</li>
            <li>(0.30,1.00)</li>
          </points>
        </factorFromGlowCurve>
        <ignoreIfPrefersDarkness>true</ignoreIfPrefersDarkness>
      </li>
      <li Class="StatPart_Slave" MayRequire="Ludeon.RimWorld.Ideology">
        <factor>0.85</factor>
      </li>
    </parts>
    <scenarioRandomizable>true</scenarioRandomizable>
    <displayPriorityInCategory>5000</displayPriorityInCategory>
  </StatDef>

  <StatDef>
    <defName>MiningSpeed</defName>
    <label>mining speed</label>
    <description>A speed at which this person mines away walls.</description>
    <category>PawnWork</category>
    <defaultBaseValue>1</defaultBaseValue>
    <minValue>0.1</minValue>
    <toStringStyle>PercentZero</toStringStyle>
    <statFactors>
      <li>WorkSpeedGlobal</li>
    </statFactors>
    <skillNeedFactors>
      <li Class="SkillNeed_BaseBonus">
        <skill>Mining</skill>
        <baseValue>0.04</baseValue>
        <bonusPerLevel>0.12</bonusPerLevel>
      </li>
    </skillNeedFactors>
    <capacityFactors>
      <li>
        <capacity>Manipulation</capacity>
        <weight>1</weight>
      </li>
      <li>
        <capacity>Sight</capacity>
        <weight>0.5</weight>
        <max>1</max>
      </li>
    </capacityFactors>
    <scenarioRandomizable>true</scenarioRandomizable>
    <displayPriorityInCategory>4900</displayPriorityInCategory>
  </StatDef>

  <StatDef>
    <defName>DeepDrillingSpeed</defName>
    <label>deep drilling speed</label>
    <description>A speed at which this person uses a deep drill to extract underground resources.</description>
    <category>PawnWork</category>
    <defaultBaseValue>1</defaultBaseValue>
    <minValue>0.1</minValue>
    <toStringStyle>PercentZero</toStringStyle>
    <statFactors>
      <li>WorkSpeedGlobal</li>
    </statFactors>
    <skillNeedFactors>
      <li Class="SkillNeed_BaseBonus">
        <skill>Mining</skill>
        <baseValue>0.04</baseValue>
        <bonusPerLevel>0.12</bonusPerLevel>
      </li>
    </skillNeedFactors>
    <capacityFactors>
      <li>
        <capacity>Manipulation</capacity>
        <weight>1</weight>
      </li>
      <li>
        <capacity>Sight</capacity>
        <weight>0.5</weight>
        <max>1</max>
      </li>
    </capacityFactors>
    <scenarioRandomizable>true</scenarioRandomizable>
    <displayPriorityInCategory>4901</displayPriorityInCategory>
  </StatDef>

  <StatDef>
    <defName>MiningYield</defName>
    <label>mining yield</label>
    <description>The percentage of mined resources a miner will produce.\n\nThis applies to both wall mining and deep drill mining.\nThis doesn't affect the production rate of rock chunks from deep drills.</description>
    <category>PawnWork</category>
    <defaultBaseValue>1</defaultBaseValue>
    <minValue>0</minValue>
    <maxValue>1</maxValue>
    <toStringStyle>PercentZero</toStringStyle>
    <skillNeedFactors>
      <li Class="SkillNeed_Direct">
        <skill>Mining</skill>
        <valuesPerLevel>
          <li>0.6</li>
          <li>0.7</li>
          <li>0.8</li>
          <li>0.85</li>
          <li>0.9</li>
          <li>0.925</li>
          <li>0.95</li>
          <li>0.975</li>
          <li>1</li>
          <li>1.01</li>
          <li>1.02</li>
          <li>1.03</li>
          <li>1.04</li>
          <li>1.05</li>
          <li>1.06</li>
          <li>1.07</li>
          <li>1.08</li>
          <li>1.09</li>
          <li>1.10</li>
          <li>1.12</li>
          <li>1.13</li>
        </valuesPerLevel>
      </li>
    </skillNeedFactors>
    <capacityFactors>
      <li>
        <capacity>Manipulation</capacity>
        <weight>0.3</weight>
        <max>1</max>
      </li>
      <li>
        <capacity>Sight</capacity>
        <weight>0.2</weight>
        <max>1</max>
      </li>
    </capacityFactors>
    <displayPriorityInCategory>4902</displayPriorityInCategory>
  </StatDef>

  <StatDef>
    <defName>SmoothingSpeed</defName>
    <label>smoothing speed</label>
    <description>A multiplier on the speed at which this person smooths rough stone floors and walls.</description>
    <category>PawnWork</category>
    <defaultBaseValue>1</defaultBaseValue>
    <minValue>0.1</minValue>
    <toStringStyle>PercentZero</toStringStyle>
    <statFactors>
      <li>WorkSpeedGlobal</li>
    </statFactors>
    <skillNeedFactors>
      <li Class="SkillNeed_BaseBonus">
        <skill>Construction</skill>
        <baseValue>0.3</baseValue>
        <bonusPerLevel>0.0875</bonusPerLevel>
      </li>
    </skillNeedFactors>
    <capacityFactors>
      <li>
        <capacity>Manipulation</capacity>
        <weight>1</weight>
      </li>
      <li>
        <capacity>Sight</capacity>
        <weight>0.3</weight>
        <max>1</max>
      </li>
    </capacityFactors>
    <displayPriorityInCategory>4500</displayPriorityInCategory>
  </StatDef>
  
  <StatDef>
    <defName>ResearchSpeed</defName>
    <label>research speed</label>
    <description>How fast this person performs research and how quickly they can find things using scanning equipment.</description>
    <category>PawnWork</category>
    <defaultBaseValue>1</defaultBaseValue>
    <minValue>0.1</minValue>
    <toStringStyle>PercentZero</toStringStyle>
    <statFactors>
      <li>WorkSpeedGlobal</li>
    </statFactors>
    <skillNeedFactors>
      <li Class="SkillNeed_BaseBonus">
        <skill>Intellectual</skill>
        <baseValue>0.08</baseValue>
        <bonusPerLevel>0.115</bonusPerLevel>
      </li>
    </skillNeedFactors>
    <capacityFactors>
      <li>
        <capacity>Manipulation</capacity>
        <weight>0.5</weight>
        <max>1.1</max>
      </li>
      <li>
        <capacity>Sight</capacity>
        <weight>0.5</weight>
        <max>1.1</max>
      </li>
    </capacityFactors>
    <scenarioRandomizable>true</scenarioRandomizable>
    <displayPriorityInCategory>4500</displayPriorityInCategory>
  </StatDef>

  <StatDef>
    <defName>AnimalGatherSpeed</defName>
    <label>animal gather speed</label>
    <description>The speed at which this person milks, shears, and otherwise gathers resources from animals.</description>
    <category>PawnWork</category>
    <defaultBaseValue>1</defaultBaseValue>
    <minValue>0.1</minValue>
    <toStringStyle>PercentZero</toStringStyle>
    <statFactors>
      <li>WorkSpeedGlobal</li>
    </statFactors>
    <skillNeedFactors>
      <li Class="SkillNeed_BaseBonus">
        <skill>Animals</skill>
        <baseValue>0.04</baseValue>
        <bonusPerLevel>0.12</bonusPerLevel>
      </li>
    </skillNeedFactors>
    <capacityFactors>
      <li>
        <capacity>Manipulation</capacity>
        <weight>1</weight>
      </li>
      <li>
        <capacity>Sight</capacity>
        <weight>0.5</weight>
        <max>1</max>
      </li>
    </capacityFactors>
    <displayPriorityInCategory>4501</displayPriorityInCategory>
  </StatDef>

  <StatDef>
    <defName>AnimalGatherYield</defName>
    <label>animal gather yield</label>
    <description>The percentage yield someone receives when they shear, milk, or otherwise gather resources from a living animal.\n\nHigher percentages reduce the chance of wasting the product.</description>
    <category>PawnWork</category>
    <defaultBaseValue>1</defaultBaseValue>
    <minValue>0</minValue>
    <maxValue>1</maxValue>
    <toStringStyle>PercentZero</toStringStyle>
    <skillNeedFactors>
      <li Class="SkillNeed_Direct">
        <skill>Animals</skill>
        <valuesPerLevel>
          <li>0.6</li>
          <li>0.7</li>
          <li>0.75</li>
          <li>0.8</li>
          <li>0.85</li>
          <li>0.90</li>
          <li>0.95</li>
          <li>0.975</li>
          <li>1</li>
          <li>1.01</li>
          <li>1.02</li>
          <li>1.03</li>
          <li>1.04</li>
          <li>1.05</li>
          <li>1.06</li>
          <li>1.07</li>
          <li>1.08</li>
          <li>1.09</li>
          <li>1.10</li>
          <li>1.12</li>
          <li>1.13</li>
        </valuesPerLevel>
      </li>
    </skillNeedFactors>
    <capacityFactors>
      <li>
        <capacity>Manipulation</capacity>
        <weight>0.3</weight>
      </li>
      <li>
        <capacity>Sight</capacity>
        <weight>0.2</weight>
        <max>1</max>
      </li>
    </capacityFactors>
    <displayPriorityInCategory>4502</displayPriorityInCategory>
  </StatDef>
  
  <StatDef>
    <defName>PlantWorkSpeed</defName>
    <label>plant work speed</label>
    <description>The speed at which this person sows and harvests plants.</description>
    <category>PawnWork</category>
    <defaultBaseValue>1</defaultBaseValue>
    <minValue>0.1</minValue>
    <toStringStyle>PercentZero</toStringStyle>
    <neverDisabled>true</neverDisabled>
    <statFactors>
      <li>WorkSpeedGlobal</li>
    </statFactors>
    <skillNeedFactors>
      <li Class="SkillNeed_BaseBonus">
        <skill>Plants</skill>
        <baseValue>0.08</baseValue>
        <bonusPerLevel>0.115</bonusPerLevel>
      </li>
    </skillNeedFactors>
    <capacityFactors>
      <li>
        <capacity>Manipulation</capacity>
        <weight>1</weight>
      </li>
      <li>
        <capacity>Sight</capacity>
        <weight>0.3</weight>
        <max>1</max>
      </li>
    </capacityFactors>
    <displayPriorityInCategory>4550</displayPriorityInCategory>
  </StatDef>

  <StatDef>
    <defName>PlantHarvestYield</defName>
    <label>plant harvest yield</label>
    <description>The yield this person gets when harvesting plants.\n\nLow yields give a chance that this person will accidentally waste the harvest.</description>
    <category>PawnWork</category>
    <defaultBaseValue>1</defaultBaseValue>
    <minValue>0</minValue>
    <maxValue>1</maxValue>
    <toStringStyle>PercentZero</toStringStyle>
    <neverDisabled>true</neverDisabled>
    <skillNeedFactors>
      <li Class="SkillNeed_Direct">
        <skill>Plants</skill>
        <valuesPerLevel>
          <li>0.6</li>
          <li>0.7</li>
          <li>0.75</li>
          <li>0.8</li>
          <li>0.85</li>
          <li>0.90</li>
          <li>0.95</li>
          <li>0.975</li>
          <li>1</li>
          <li>1.01</li>
          <li>1.02</li>
          <li>1.03</li>
          <li>1.04</li>
          <li>1.05</li>
          <li>1.06</li>
          <li>1.07</li>
          <li>1.08</li>
          <li>1.09</li>
          <li>1.10</li>
          <li>1.12</li>
          <li>1.13</li>
        </valuesPerLevel>
      </li>
    </skillNeedFactors>
    <capacityFactors>
      <li>
        <capacity>Manipulation</capacity>
        <weight>0.3</weight>
      </li>
      <li>
        <capacity>Sight</capacity>
        <weight>0.2</weight>
        <max>1</max>
      </li>
    </capacityFactors>
    <scenarioRandomizable>true</scenarioRandomizable>
    <displayPriorityInCategory>4551</displayPriorityInCategory>
  </StatDef>

  <StatDef>
    <defName>DrugHarvestYield</defName>
    <label>drug crop harvest yield</label>
    <description>The yield this person gets when harvesting drug crops.\n\nLow yields give a chance that this person will accidentally waste the harvest. High yields increase the yield from each plant.</description>
    <category>PawnWork</category>
    <defaultBaseValue>1</defaultBaseValue>
    <minValue>0</minValue>
    <maxValue>1</maxValue>
    <toStringStyle>PercentZero</toStringStyle>
    <neverDisabled>true</neverDisabled>
    <statFactors>
      <li>PlantHarvestYield</li>
    </statFactors>
    <scenarioRandomizable>true</scenarioRandomizable>
    <displayPriorityInCategory>4552</displayPriorityInCategory>
  </StatDef>

  <StatDef>
    <defName>HuntingStealth</defName>
    <label>hunting stealth</label>
    <description>This stat reduces the chance of hunted animals attacking the hunter.\n\nA 0% score means no reduction.\nA 100% score means animals never attack.</description>
    <category>PawnWork</category>
    <defaultBaseValue>1</defaultBaseValue>
    <minValue>0</minValue>
    <toStringStyle>PercentZero</toStringStyle>
    <neverDisabled>true</neverDisabled>
    <skillNeedFactors>
      <li Class="SkillNeed_BaseBonus">
        <skill>Shooting</skill>
        <baseValue>0</baseValue>
        <bonusPerLevel>0.05</bonusPerLevel>
      </li>
      <li Class="SkillNeed_BaseBonus">
        <skill>Animals</skill>
        <baseValue>0</baseValue>
        <bonusPerLevel>0.05</bonusPerLevel>
      </li>
    </skillNeedFactors>
    <capacityFactors>
      <li>
        <capacity>Moving</capacity>
        <weight>1</weight>
      </li>
    </capacityFactors>
    <postProcessCurve>
      <points>
        <li>(0.0, 0.0)</li>
        <li>(0.1, 0.5)</li>
        <li>(0.2, 0.75)</li>
        <li>(0.5, 0.80)</li>
        <li>(1.0, 0.90)</li>
      </points>
    </postProcessCurve>
    <displayPriorityInCategory>4500</displayPriorityInCategory>
  </StatDef>

  <StatDef>
    <defName>ConstructionSpeed</defName>
    <label>construction speed</label>
    <description>The speed at which this person constructs and repairs buildings.</description>
    <category>PawnWork</category>
    <defaultBaseValue>1</defaultBaseValue>
    <minValue>0.1</minValue>
    <toStringStyle>PercentZero</toStringStyle>
    <statFactors>
      <li>WorkSpeedGlobal</li>
    </statFactors>
    <skillNeedFactors>
      <li Class="SkillNeed_BaseBonus">
        <skill>Construction</skill>
        <baseValue>0.3</baseValue>
        <bonusPerLevel>0.0875</bonusPerLevel>
      </li>
    </skillNeedFactors>
    <capacityFactors>
      <li>
        <capacity>Manipulation</capacity>
        <weight>1</weight>
      </li>
      <li>
        <capacity>Sight</capacity>
        <weight>0.2</weight>
        <max>1</max>
      </li>
    </capacityFactors>
    <scenarioRandomizable>true</scenarioRandomizable>
    <displayPriorityInCategory>4602</displayPriorityInCategory>
  </StatDef>

  <StatDef>
    <defName>ConstructSuccessChance</defName>
    <label>construct success chance</label>
    <description>The chance that this person will succeed in constructing something.\nFailing means wasting time and resources.</description>
    <category>PawnWork</category>
    <defaultBaseValue>1</defaultBaseValue>
    <minValue>0</minValue>
    <maxValue>1</maxValue>
    <toStringStyle>PercentZero</toStringStyle>
    <skillNeedFactors>
      <li Class="SkillNeed_Direct">
        <skill>Construction</skill>
        <valuesPerLevel>
          <li>0.75</li>
          <li>0.80</li>
          <li>0.85</li>
          <li>0.875</li>
          <li>0.90</li>
          <li>0.925</li>
          <li>0.95</li>
          <li>0.975</li>
          <li>1</li>
          <li>1.01</li>
          <li>1.02</li>
          <li>1.03</li>
          <li>1.04</li>
          <li>1.05</li>
          <li>1.06</li>
          <li>1.07</li>
          <li>1.08</li>
          <li>1.09</li>
          <li>1.10</li>
          <li>1.12</li>
          <li>1.13</li>
        </valuesPerLevel>
      </li>
    </skillNeedFactors>
    <capacityFactors>
      <li>
        <capacity>Manipulation</capacity>
        <weight>0.3</weight>
      </li>
      <li>
        <capacity>Sight</capacity>
        <weight>0.2</weight>
        <max>1</max>
      </li>
    </capacityFactors>
    <scenarioRandomizable>true</scenarioRandomizable>
    <displayPriorityInCategory>4601</displayPriorityInCategory>
  </StatDef>

  <StatDef>
    <defName>FixBrokenDownBuildingSuccessChance</defName>
    <label>repair success chance</label>
    <description>The chance that this person will successfully repair a broken down building using a component.\n\nFailing means wasting time and resources.\nNote that this only applies to repairing breakdowns, which is different from repairing damage.</description>
    <category>PawnWork</category>
    <defaultBaseValue>1</defaultBaseValue>
    <minValue>0</minValue>
    <maxValue>1</maxValue>
    <toStringStyle>PercentZero</toStringStyle>
    <skillNeedFactors>
      <li Class="SkillNeed_Direct">
        <skill>Construction</skill>
        <valuesPerLevel>
          <li>0.75</li>
          <li>0.80</li>
          <li>0.85</li>
          <li>0.875</li>
          <li>0.90</li>
          <li>0.925</li>
          <li>0.95</li>
          <li>0.975</li>
          <li>1</li>
          <li>1.01</li>
          <li>1.02</li>
          <li>1.03</li>
          <li>1.04</li>
          <li>1.05</li>
          <li>1.06</li>
          <li>1.07</li>
          <li>1.08</li>
          <li>1.09</li>
          <li>1.10</li>
          <li>1.12</li>
          <li>1.13</li>
        </valuesPerLevel>
      </li>
    </skillNeedFactors>
    <capacityFactors>
      <li>
        <capacity>Manipulation</capacity>
        <weight>0.3</weight>
      </li>
      <li>
        <capacity>Sight</capacity>
        <weight>0.2</weight>
        <max>1</max>
      </li>
    </capacityFactors>
    <displayPriorityInCategory>4600</displayPriorityInCategory>
  </StatDef>

</Defs>