﻿<?xml version="1.0" encoding="utf-8" ?>
<Defs>

  <RulePackDef>
    <defName>WorldFeatureNamerCommon</defName>
    <include>
      <li>TribalWordUtility</li>
      <li>OutlanderPlaceNameUtility</li>
    </include>
    <rulePack>
      <rulesStrings>
        <li>r_name->[narrative_name] [terrain_word]</li>
        <li>r_name(p=0.05)->[storyname] [terrain_word]</li>

        <li>narrative_name(p=12)->[WordTribal]</li>
        <li>narrative_name(p=12)->[PlaceOutlander]</li>
        <li>narrative_name->[Color][NaturalObject]</li>
        <li>narrative_name->[AdjectiveNatural][BodyPart]</li>
        <li>narrative_name->[Animal]</li>
        <li>narrative_name->[Color]</li>
        <li>narrative_name->[Color][Animal]</li>
        <li>narrative_name->[AdjectiveNatural][Animal]</li>
        <li>narrative_name->[Animal][BodyPart]</li>
        <li>narrative_name->[Color] [Animal]</li>
        <li>narrative_name->[AdjectiveNatural] [Animal]</li>
        <li>narrative_name->[Animal] [BodyPart]</li>

        <li>storyname(p=50)->[subject]'s [story_result]</li>
        <li>storyname(p=2)->[subject]'s [BodyPart]</li>
        <li>storyname->[subject]'s [Gore]</li>

        <li>subject(p=5)->[NamePerson]</li>
        <li>subject->[Animal]</li>
        <li>subject->[WordTribal]</li>
        <li>subject->[PlaceOutlander]</li>

        <li>story_result->folly</li>
        <li>story_result->vice</li>
        <li>story_result->lunacy</li>
        <li>story_result->mistake</li>
        <li>story_result->fault</li>
        <li>story_result->misstep</li>
        <li>story_result->delusion</li>
        <li>story_result->joy</li>
        <li>story_result->delight</li>
        <li>story_result->wonder</li>
        <li>story_result->pride</li>
        <li>story_result->jewel</li>
        <li>story_result->prize</li>
        <li>story_result->bounty</li>
        <li>story_result->honor</li>
        <li>story_result->jackpot</li>
        <li>story_result->trophy</li>
        <li>story_result->conceit</li>
        <li>story_result->arrogance</li>
        <li>story_result->stand</li>
        <li>story_result->loss</li>
        <li>story_result->debt</li>
        <li>story_result->collapse</li>
        <li>story_result->destruction</li>
        <li>story_result->cataclysm</li>
        <li>story_result->ruin</li>
        <li>story_result->ruination</li>
        <li>story_result->undoing</li>
        <li>story_result->downfall</li>
        <li>story_result->end</li>
        <li>story_result->retirement</li>
        <li>story_result->achievement</li>
        <li>story_result->finale</li>
        <li>story_result->bluff</li>
        <li>story_result->ruse</li>
        <li>story_result->deception</li>
        <li>story_result->facade</li>
        <li>story_result->fraud</li>
      </rulesStrings>
    </rulePack>
  </RulePackDef>
  
  <RulePackDef>
    <defName>NamerMountainRange</defName>
    <include>
      <li>WorldFeatureNamerCommon</li>
    </include>
    <rulePack>
      <rulesStrings>
        <li>r_name(p=0.2)->mount [narrative_name]</li>

        <li>terrain_word(p=5)->mountains</li>
        <li>terrain_word(p=2)->range</li>
        <li>terrain_word->peaks</li>
        <li>terrain_word->hills</li>
        <li>terrain_word->cliffs</li>
      </rulesStrings>
    </rulePack>
  </RulePackDef>

  <RulePackDef>
    <defName>NamerArchipelago</defName>
    <include>
      <li>WorldFeatureNamerCommon</li>
    </include>
    <rulePack>
      <rulesStrings>
        <li>r_name(p=0.2)->isle [narrative_name]</li>

        <li>terrain_word(p=4)->islands</li>
        <li>terrain_word(p=3)->isles</li>
        <li>terrain_word(p=3)->archipelago</li>
        <li>terrain_word->reef</li>
        <li>terrain_word->atoll</li>
        <li>terrain_word->rocks</li>
        <li>terrain_word->islets</li>
        <li>terrain_word->points</li>
        <li>terrain_word->chain</li>
      </rulesStrings>
    </rulePack>
  </RulePackDef>

  <RulePackDef>
    <defName>NamerIsland</defName>
    <include>
      <li>WorldFeatureNamerCommon</li>
    </include>
    <rulePack>
      <rulesStrings>
        <li>r_name(p=0.2)->isle [narrative_name]</li>

        <li>terrain_word(p=4)->island</li>
        <li>terrain_word(p=2)->isle</li>
        <li>terrain_word->reef</li>
        <li>terrain_word->atoll</li>
        <li>terrain_word->rock</li>
        <li>terrain_word->islet</li>
        <li>terrain_word->point</li>
      </rulesStrings>
    </rulePack>
  </RulePackDef>

  <RulePackDef>
    <defName>NamerPeninsula</defName>
    <include>
      <li>WorldFeatureNamerCommon</li>
    </include>
    <rulePack>
      <rulesStrings>
        <li>r_name(p=0.2)->point [narrative_name]</li>
        <li>r_name(p=0.2)->cape [narrative_name]</li>

        <li>terrain_word(p=5)->peninsula</li>
        <li>terrain_word(p=2)->point</li>
        <li>terrain_word->cape</li>
        <li>terrain_word->headland</li>
        <li>terrain_word->horn</li>
      </rulesStrings>
    </rulePack>
  </RulePackDef>
  
  <RulePackDef>
    <defName>NamerBay</defName>
    <include>
      <li>WorldFeatureNamerCommon</li>
    </include>
    <rulePack>
      <rulesStrings>
        <li>r_name(p=0.2)->gulf of [narrative_name]</li>

        <li>terrain_word(p=6)->bay</li>
        <li>terrain_word->bight</li>
        <li>terrain_word->gulf</li>
        <li>terrain_word->anchorage</li>
        <li>terrain_word->cove</li>
      </rulesStrings>
    </rulePack>
  </RulePackDef>
  
  <RulePackDef>
    <defName>NamerLake</defName>
    <include>
      <li>WorldFeatureNamerCommon</li>
    </include>
    <rulePack>
      <rulesStrings>
        <li>r_name->lake [narrative_name]</li>

        <li>terrain_word(p=6)->lake</li>
        <li>terrain_word->sea</li>
        <li>terrain_word->pond</li>
        <li>terrain_word->basin</li>
        <li>terrain_word->reservoir</li>
        <li>terrain_word(p=0.3)->puddle</li>
        <li>terrain_word(p=0.3)->lagoon</li>
        <li>terrain_word(p=0.3)->loch</li>
      </rulesStrings>
    </rulePack>
  </RulePackDef>
  
  <RulePackDef>
    <defName>NamerSea</defName>
    <include>
      <li>WorldFeatureNamerCommon</li>
    </include>
    <rulePack>
      <rulesStrings>
        <li>r_name(p=0.1)->lake [narrative_name]</li>

        <li>terrain_word(p=6)->sea</li>
        <li>terrain_word->ocean</li>
        <li>terrain_word->lake</li>
      </rulesStrings>
    </rulePack>
  </RulePackDef>

  <RulePackDef>
    <defName>NamerOcean</defName>
    <include>
      <li>WorldFeatureNamerCommon</li>
    </include>
    <rulePack>
      <rulesStrings>
        <li>r_name(p=0.4)->[ocean_adjective] [narrative_name]</li>

        <li>ocean_adjective->blue</li>
        <li>ocean_adjective->white</li>
        <li>ocean_adjective->gray</li>
        <li>ocean_adjective->clear</li>
        <li>ocean_adjective->windy</li>
        <li>ocean_adjective->stormy</li>
        <li>ocean_adjective->calm</li>
        <li>ocean_adjective->broad</li>
        <li>ocean_adjective->endless</li>
        <li>ocean_adjective->flat</li>
        <li>ocean_adjective->still</li>
        <li>ocean_adjective->wavy</li>
        <li>ocean_adjective->gentle</li>

        <li>terrain_word(p=6)->ocean</li>
        <li>terrain_word(p=3)->sea</li>
        <li>terrain_word->expanse</li>
      </rulesStrings>
    </rulePack>
  </RulePackDef>

  <RulePackDef>
    <defName>NamerDesert</defName>
    <include>
      <li>WorldFeatureNamerCommon</li>
    </include>
    <rulePack>
      <rulesStrings>
        <li>r_name(p=0.4)->[desert_adjective] [narrative_name]</li>

        <li>desert_adjective->flat</li>
        <li>desert_adjective->white</li>
        <li>desert_adjective->endless</li>
        <li>desert_adjective->heartless</li>
        <li>desert_adjective->parched</li>
        <li>desert_adjective->dry</li>
        <li>desert_adjective->long</li>
        <li>desert_adjective->sunburned</li>
        <li>desert_adjective->sunny</li>
        <li>desert_adjective->dazzling</li>
        <li>desert_adjective->hot</li>
        <li>desert_adjective->sweaty</li>
        <li>desert_adjective->sandy</li>
        <li>desert_adjective->rocky</li>

        <li>terrain_word(p=6)->desert</li>
        <li>terrain_word->plateau</li>
        <li>terrain_word->flats</li>
        <li>terrain_word->basin</li>
        <li>terrain_word->wastes</li>
        <li>terrain_word->wasteland</li>
        <li>terrain_word->barrens</li>
      </rulesStrings>
    </rulePack>
  </RulePackDef>

  <RulePackDef>
    <defName>NamerSwamp</defName>
    <include>
      <li>WorldFeatureNamerCommon</li>
    </include>
    <rulePack>
      <rulesStrings>
        <li>r_name(p=0.1)->fen [narrative_name]</li>
        <li>r_name(p=0.3)->[swamp_adjective] [narrative_name]</li>

        <li>swamp_adjective->wet</li>
        <li>swamp_adjective->steamy</li>
        <li>swamp_adjective->choking</li>
        <li>swamp_adjective->rotten</li>
        <li>swamp_adjective->rotting</li>
        <li>swamp_adjective->overgrown</li>
        <li>swamp_adjective->tangled</li>
        <li>swamp_adjective->viny</li>
        <li>swamp_adjective->thorny</li>

        <li>terrain_word(p=6)->swamp</li>
        <li>terrain_word->basin</li>
        <li>terrain_word->wetlands</li>
        <li>terrain_word->bayou</li>
        <li>terrain_word->bog</li>
        <li>terrain_word->marsh</li>
        <li>terrain_word->fen</li>
      </rulesStrings>
    </rulePack>
  </RulePackDef>

  <RulePackDef>
    <defName>NamerTropicalRainforest</defName>
    <include>
      <li>WorldFeatureNamerCommon</li>
    </include>
    <rulePack>
      <rulesStrings>
        <li>r_name(p=0.3)->[rainforest_adjective] [narrative_name]</li>

        <li>rainforest_adjective->wet</li>
        <li>rainforest_adjective->steamy</li>
        <li>rainforest_adjective->choking</li>
        <li>rainforest_adjective->overgrown</li>
        <li>rainforest_adjective->tangled</li>
        <li>rainforest_adjective->viny</li>
        <li>rainforest_adjective->thorny</li>

        <li>terrain_word(p=6)->rainforest</li>
        <li>terrain_word(p=3)->jungle</li>
        <li>terrain_word->forest</li>
        <li>terrain_word->grove</li>
        <li>terrain_word->woodland</li>
        <li>terrain_word->tangle</li>
      </rulesStrings>
    </rulePack>
  </RulePackDef>
  
  <RulePackDef>
    <defName>NamerForest</defName>
    <include>
      <li>WorldFeatureNamerCommon</li>
    </include>
    <rulePack>
      <rulesStrings>
        <li>terrain_word(p=6)->forest</li>
        <li>terrain_word->grove</li>
        <li>terrain_word->woodland</li>
        <li>terrain_word->thicket</li>
      </rulesStrings>
    </rulePack>
  </RulePackDef>

  <RulePackDef>
    <defName>NamerBorealForest</defName>
    <include>
      <li>WorldFeatureNamerCommon</li>
    </include>
    <rulePack>
      <rulesStrings>
        <li>terrain_word(p=6)->forest</li>
        <li>terrain_word(p=3)->taiga</li>
        <li>terrain_word->grove</li>
        <li>terrain_word->woodland</li>
        <li>terrain_word->woods</li>
        <li>terrain_word->tangle</li>
        <li>terrain_word->thicket</li>
      </rulesStrings>
    </rulePack>
  </RulePackDef>

  <RulePackDef>
    <defName>NamerAridShrubland</defName>
    <include>
      <li>WorldFeatureNamerCommon</li>
    </include>
    <rulePack>
      <rulesStrings>
        <li>terrain_word(p=4)->shrubland</li>
        <li>terrain_word(p=4)->scrubland</li>
        <li>terrain_word(p=2)->plateau</li>
        <li>terrain_word(p=2)->scrub</li>
        <li>terrain_word->desert</li>
        <li>terrain_word->bush</li>
        <li>terrain_word->brush</li>
        <li>terrain_word->barrens</li>
      </rulesStrings>
    </rulePack>
  </RulePackDef>

  <RulePackDef>
    <defName>NamerIceSheet</defName>
    <include>
      <li>WorldFeatureNamerCommon</li>
    </include>
    <rulePack>
      <rulesStrings>
        <li>terrain_word->sheet</li>
        <li>terrain_word->expanse</li>
        <li>terrain_word(p=0.5)->reach</li>
        <li>terrain_word(p=0.3)->field</li>
        <li>terrain_word(p=0.3)->span</li>
        <li>terrain_word(p=0.3)->field</li>
        <li>terrain_word(p=0.3)->stretch</li>
        <li>terrain_word(p=0.3)->tract</li>
      </rulesStrings>
    </rulePack>
  </RulePackDef>

  <RulePackDef>
    <defName>NamerTundra</defName>
    <include>
      <li>WorldFeatureNamerCommon</li>
    </include>
    <rulePack>
      <rulesStrings>
        <li>terrain_word(p=4)->plateau</li>
        <li>terrain_word(p=4)->barrens</li>
        <li>terrain_word(p=2)->taiga</li>
        <li>terrain_word->scrub</li>
        <li>terrain_word->shrubland</li>
        <li>terrain_word->scrubland</li>
        <li>terrain_word->bush</li>
        <li>terrain_word->brush</li>
        <li>terrain_word->barrens</li>
        <li>terrain_word->expanse</li>
        <li>terrain_word->prairie</li>
        <li>terrain_word->flats</li>
      </rulesStrings>
    </rulePack>
  </RulePackDef>

</Defs>
