<?xml version="1.0" encoding="utf-8" ?>
<Defs>

  <PawnKindDef Abstract="True" Name="BasePlayerPawnKind">
    <race>Human</race>
    <combatPower>30</combatPower>
    <isFighter>false</isFighter>
    <apparelIgnoreSeasons>true</apparelIgnoreSeasons>
    <forceNormalGearQuality>true</forceNormalGearQuality>
    <initialWillRange>0~0</initialWillRange>
  </PawnKindDef>

  <PawnKindDef ParentName="BasePlayerPawnKind">
    <defName>Colonist</defName>
    <label>colonist</label>
    <defaultFactionType>PlayerColony</defaultFactionType>
    <chemicalAddictionChance>0.06</chemicalAddictionChance>
    <apparelTags>
      <li>IndustrialBasic</li>
    </apparelTags>
    <apparelAllowHeadgearChance>0</apparelAllowHeadgearChance>
    <apparelMoney>350~600</apparelMoney>
    <backstoryCryptosleepCommonality>1</backstoryCryptosleepCommonality>
    <techHediffsChance>0.03</techHediffsChance>
    <techHediffsMoney>50~800</techHediffsMoney>
    <techHediffsTags>
      <li>Poor</li>
      <li>Simple</li>
      <li>ImplantEmpireCommon</li>
    </techHediffsTags>
    <initialResistanceRange>13~21</initialResistanceRange>
  </PawnKindDef>

  <PawnKindDef ParentName="BasePlayerPawnKind">
    <defName>Tribesperson</defName>
    <label>member</label>
    <race>Human</race>
    <defaultFactionType>PlayerTribe</defaultFactionType>
    <chemicalAddictionChance>0.05</chemicalAddictionChance>
    <apparelTags>
      <li>Neolithic</li>
    </apparelTags>
    <apparelMoney>200~200</apparelMoney>
    <backstoryCryptosleepCommonality>0</backstoryCryptosleepCommonality>
    <techHediffsMoney>50~50</techHediffsMoney>
    <techHediffsTags>
      <li>Poor</li>
    </techHediffsTags>
    <techHediffsChance>0.02</techHediffsChance>
    <initialResistanceRange>9~15</initialResistanceRange>
  </PawnKindDef>

</Defs>
