﻿<?xml version="1.0" encoding="utf-8" ?>
<Defs>

  <ThoughtDef>
    <defName>SharedBed</defName>
    <thoughtClass>Thought_SharedBed</thoughtClass>
    <workerClass>ThoughtWorker_SharedBed</workerClass>
    <stages>
      <li>
        <label>sharing bed</label>
        <description>I have to share a bed with someone who I don't particularly want to.</description>
      </li>
    </stages>
  </ThoughtDef>
  
  <ThoughtDef>
    <defName>ColonistLeftUnburied</defName>
    <workerClass>ThoughtWorker_ColonistLeftUnburied</workerClass>
    <nullifyingTraits>
      <li>Psychopath</li>
    </nullifyingTraits>
    <stages>
      <li>
        <label>colonist left unburied</label>
        <description>One of us died and we're just leaving them lying in the open. Nobody should be left like that. People deserve a decent burial.</description>
        <baseMoodEffect>-10</baseMoodEffect>
      </li>
    </stages>
  </ThoughtDef>
  
  <ThoughtDef>
    <defName>Naked</defName>
    <workerClass>ThoughtWorker_PsychologicallyNude</workerClass>
    <validWhileDespawned>true</validWhileDespawned>
    <nullifyingTraits>
      <li>Nudist</li>
    </nullifyingTraits>
    <stages>
      <li>
        <label>naked</label>
        <description>I'm naked. This is humiliating.</description>
        <baseMoodEffect>-6</baseMoodEffect>
      </li>
    </stages>
  </ThoughtDef>

  <ThoughtDef>
    <defName>Pain</defName>
    <workerClass>ThoughtWorker_Pain</workerClass>
    <validWhileDespawned>true</validWhileDespawned>
    <nullifyingTraits>
      <li>Masochist</li>
    </nullifyingTraits>
    <neverNullifyIfAnyTrait>
      <li>Wimp</li>
    </neverNullifyIfAnyTrait>
    <stages>
      <li>
        <label>minor pain</label>
        <description>Ow... That hurts.</description>
        <baseMoodEffect>-5</baseMoodEffect>
      </li>
      <li>
        <label>serious pain</label>
        <description>Ughhh... When will it end?</description>
        <baseMoodEffect>-10</baseMoodEffect>
      </li>
      <li>
        <label>intense pain</label>
        <description>Make it stop... make it stop... make it stop...</description>
        <baseMoodEffect>-15</baseMoodEffect>
      </li>
      <li>
        <label>mind-shattering pain</label>
        <description>AAAAAHHH!</description>
        <baseMoodEffect>-20</baseMoodEffect>
      </li>
    </stages>
    <nullifyingPrecepts>
      <li MayRequire="Ludeon.RimWorld.Ideology">Pain_Idealized</li>
    </nullifyingPrecepts>
  </ThoughtDef>

  <ThoughtDef>
    <defName>PsychicEmanatorSoothe</defName>
    <workerClass>ThoughtWorker_PsychicEmanatorSoothe</workerClass>
    <effectMultiplyingStat>PsychicSensitivity</effectMultiplyingStat>
    <stages>
      <li>
        <label>psychic emanator soothe</label>
        <description>The psychic emanator makes me feel strange, but also very relaxed.</description>
        <baseMoodEffect>5</baseMoodEffect>
      </li>
    </stages>
  </ThoughtDef>

  <ThoughtDef>
    <defName>PsychicDrone</defName>
    <workerClass>ThoughtWorker_PsychicDrone</workerClass>
    <effectMultiplyingStat>PsychicSensitivity</effectMultiplyingStat>
    <validWhileDespawned>true</validWhileDespawned>
    <stages>
      <li>
        <label>psychic soothe</label>
        <description>It's like a calming voice at the back of my mind, soothing me, settling my nerves.</description>
        <baseMoodEffect>16</baseMoodEffect>
      </li>
      <li>
        <label>low psychic drone</label>
        <description>It's like a scratching at the back of my mind. A voice, whispering. I can only make out a few words, and I don't like them.</description>
        <baseMoodEffect>-12</baseMoodEffect>
      </li>
      <li>
        <label>moderate psychic drone</label>
        <description>I feel like someone is always just out of sight, speaking to me. The voice changes but the message doesn't. I'm supposed to hurt people. Make it go away!</description>
        <baseMoodEffect>-22</baseMoodEffect>
      </li>
      <li>
        <label>high psychic drone</label>
        <description>The voice is unbearably loud. It's hard to concentrate. I find myself talking back to it, yelling at it. But it just keeps shouting!</description>
        <baseMoodEffect>-30</baseMoodEffect>
      </li>
      <li>
        <label>extreme psychic drone</label>
        <description>My heart pounds and I'm sweating. All I can think of is hurting and suffering and all these enemies around me. They're my nightmare, my nightmare, my nightmare...</description>
        <baseMoodEffect>-40</baseMoodEffect>
      </li>
    </stages>
  </ThoughtDef>

  <ThoughtDef>
    <defName>Joywire</defName>
    <workerClass>ThoughtWorker_Hediff</workerClass>
    <hediff>Joywire</hediff>
    <validWhileDespawned>true</validWhileDespawned>
    <stages>
      <li>
        <label>joywire</label>
        <description>It feels amazing.</description>
        <baseMoodEffect>30</baseMoodEffect>
      </li>
    </stages>
  </ThoughtDef>

  <ThoughtDef>
    <defName>Aurora</defName>
    <workerClass>ThoughtWorker_Aurora</workerClass>
    <gameCondition>Aurora</gameCondition>
    <stages>
      <li>
        <label>beautiful aurora</label>
        <description>The view is amazing.</description>
        <baseMoodEffect>14</baseMoodEffect>
      </li>
    </stages>
  </ThoughtDef>

  <ThoughtDef>
    <defName>DoingPassionateWork</defName>
    <workerClass>ThoughtWorker_PassionateWork</workerClass>
    <stages>
      <li>
        <label>minor passion for my work</label>
        <description>I enjoy my work.</description>
        <baseMoodEffect>8</baseMoodEffect>
      </li>
      <li>
        <label>burning passion for my work</label>
        <description>I love my work. I could do this all day, every day.</description>
        <baseMoodEffect>14</baseMoodEffect>
      </li>
    </stages>
  </ThoughtDef>
  
</Defs>
