﻿<?xml version="1.0" encoding="utf-8" ?>
<Defs>

  <ThingDef ParentName="ResourceBase" Name="ArtifactBase" Abstract="True">
    <thingClass>ThingWithComps</thingClass>
    <techLevel>Archotech</techLevel>
    <thingCategories>
      <li>Artifacts</li>
    </thingCategories>
    <tradeTags>
      <li>Artifact</li>
    </tradeTags>
    <thingSetMakerTags><li>RewardStandardHighFreq</li></thingSetMakerTags>
    <statBases>
      <Mass>0.5</Mass>
      <StyleDominance MayRequire="Ludeon.RimWorld.Ideology">10</StyleDominance>
    </statBases>
    <comps>
      <li Class="CompProperties_Usable">
        <useJob>UseArtifact</useJob>
        <useLabel>Activate</useLabel>
      </li>
      <li Class="CompProperties_UseEffect">
        <compClass>CompUseEffect_DestroySelf</compClass>
      </li>
      <li Class="CompProperties_Styleable"></li>
    </comps>
  </ThingDef>

  <ThingDef ParentName="ArtifactBase">
    <defName>PsychicAnimalPulser</defName>
    <label>psychic animal pulser</label>
    <description>A one-use broad-wave psychic effector. The psychic pulse fills lower minds with terrifying imagery, driving all animals in the region into a manhunting rage. Animals currently under your control will not be affected.</description>
    <graphicData>
      <texPath>Things/Item/Artifact/PsychicAnimalPulser</texPath>
      <graphicClass>Graphic_Single</graphicClass>
    </graphicData>
    <resourceReadoutPriority>Middle</resourceReadoutPriority>
    <stackLimit>1</stackLimit>
    <tradeNeverStack>true</tradeNeverStack>
    <useHitPoints>true</useHitPoints>
    <relicChance>3</relicChance>
    <statBases>
      <MarketValue>700</MarketValue>
      <MaxHitPoints>80</MaxHitPoints>
    </statBases>
    <drawGUIOverlay>false</drawGUIOverlay>
    <comps>
      <li Class="CompProperties_Targetable">
        <compClass>CompTargetable_AllAnimalsOnTheMap</compClass>
        <psychicSensitiveTargetsOnly>true</psychicSensitiveTargetsOnly>
        <doCameraShake>true</doCameraShake>
        <fleckOnTarget>PsycastPsychicEffect</fleckOnTarget>
        <fleckOnUsed>PsycastAreaEffect</fleckOnUsed>
        <fleckOnUsedScale>10</fleckOnUsedScale>
        <ignorePlayerFactionPawns>True</ignorePlayerFactionPawns>
      </li>
      <li>
        <compClass>CompTargetEffect_Manhunter</compClass>
      </li>
      <li Class="CompProperties_TargetEffect_GoodwillImpact">
        <goodwillImpact>-200</goodwillImpact>
      </li>
      <li Class="CompProperties_UseEffectArtifact">
        <sound>PsychicAnimalPulserCast</sound>
      </li>
    </comps>
  </ThingDef>
  
  <ThingDef ParentName="ArtifactBase">
    <defName>PsychicSoothePulser</defName>
    <label>psychic soothe pulser</label>
    <description>A one-use broad-wave psychic effector. The psychic pulse induces self-satisfying perceptual distortions, giving a temporary mood boost to everyone in the region.</description>
    <graphicData>
      <texPath>Things/Item/Artifact/PsychicSoothePulser</texPath>
      <graphicClass>Graphic_Single</graphicClass>
    </graphicData>
    <resourceReadoutPriority>Middle</resourceReadoutPriority>
    <stackLimit>1</stackLimit>
    <tradeNeverStack>true</tradeNeverStack>
    <useHitPoints>true</useHitPoints>
    <statBases>
      <MarketValue>600</MarketValue>
      <MaxHitPoints>80</MaxHitPoints>
    </statBases>
    <drawGUIOverlay>false</drawGUIOverlay>
    <relicChance>3</relicChance>
    <comps>
      <li Class="CompProperties_Targetable">
        <compClass>CompTargetable_AllPawnsOnTheMap</compClass>
        <psychicSensitiveTargetsOnly>true</psychicSensitiveTargetsOnly>
        <doCameraShake>true</doCameraShake>
        <fleckOnTarget>PsycastPsychicEffect</fleckOnTarget>
        <fleckOnUsed>PsycastAreaEffect</fleckOnUsed>
        <fleckOnUsedScale>10</fleckOnUsedScale>
      </li>
      <li>
        <compClass>CompTargetEffect_MoodBoost</compClass>
      </li>
      <li Class="CompProperties_UseEffectArtifact">
        <sound>PsychicSoothePulserCast</sound>
      </li>
    </comps>
  </ThingDef>
  
</Defs>
