﻿<?xml version="1.0" encoding="utf-8" ?>
<Defs>

  <TraitDef>
    <defName>SpeedOffset</defName>
    <commonality>2</commonality>
    <degreeDatas>
      <li>
        <label>slowpoke</label>
        <description>[PAWN_nameDef] is always falling behind the group whenever [PAWN_pronoun] goes anywhere.</description>
        <degree>-1</degree>
        <statOffsets>
          <MoveSpeed>-0.2</MoveSpeed>
        </statOffsets>
        <disallowedInspirations>
          <li>Frenzy_Go</li>
        </disallowedInspirations>
      </li>
      <li>
        <label>fast walker</label>
        <description>[PAWN_nameDef] likes to be where [PAWN_pronoun]'s going. [PAWN_pronoun] walks quicker than most people.</description>
        <degree>1</degree>
        <statOffsets>
          <MoveSpeed>0.2</MoveSpeed>
        </statOffsets>
      </li>
      <li>
        <label>jogger</label>
        <description>[PAWN_nameDef] always moves with a sense of urgency - so much so that others often fail to keep up.</description>
        <degree>2</degree>
        <statOffsets>
          <MoveSpeed>0.4</MoveSpeed>
        </statOffsets>
      </li>      
    </degreeDatas>
  </TraitDef>

  <TraitDef>
    <defName>DrugDesire</defName>
    <commonality>3</commonality>
    <degreeDatas>
      <li>
        <label>chemical fascination</label>
        <description>[PAWN_nameDef] is utterly fascinated with chemical sources of enjoyment. Consuming recreational drugs will create a good mood, while abstaining will lead to increasing frustration over time and possibly drug binges. [PAWN_pronoun] will ignore directives to not use recreational drugs, and will consume more than a normal person.</description>
        <degree>2</degree>
        <marketValueFactorOffset>-0.15</marketValueFactorOffset>
      </li>
      <li>
        <label>chemical interest</label>
        <description>[PAWN_nameDef] has an unusual interest in chemical sources of enjoyment. Consuming recreational drugs will create a good mood, while abstaining will lead to increasing frustration over time and possible drug binges. [PAWN_pronoun] will ignore directives to not use recreational drugs, and will consume more than a normal person.</description>
        <degree>1</degree>
        <marketValueFactorOffset>-0.10</marketValueFactorOffset>
      </li>
      <li>
        <label>teetotaler</label>
        <description>[PAWN_nameDef] abhors the idea of gaining pleasure from chemicals. [PAWN_pronoun] strictly avoids alcohol and recreational drugs.</description>
        <degree>-1</degree>
        <disallowedMentalStates>
          <li>Binging_DrugExtreme</li>
          <li>Binging_DrugMajor</li>
        </disallowedMentalStates>
      </li>
    </degreeDatas>
  </TraitDef>
  
  <TraitDef>
    <defName>NaturalMood</defName>
    <commonality>2</commonality>
    <degreeDatas>
      <li>
        <label>sanguine</label>
        <description>[PAWN_nameDef] is just naturally upbeat about [PAWN_possessive] situation, pretty much all the time, no matter what it is.</description>
        <degree>2</degree>
      </li>
      <li>
        <label>optimist</label>
        <description>[PAWN_nameDef] is naturally optimistic about life. It's hard to get [PAWN_objective] down.</description>
        <degree>1</degree>
      </li>
      <li>
        <label>pessimist</label>
        <description>[PAWN_nameDef] tends to look on the bad side of life.</description>
        <degree>-1</degree>
      </li> 
      <li>
        <label>depressive</label>
        <description>[PAWN_nameDef] is perenially unhappy. [PAWN_pronoun] has trouble sustaining a good mood even when everything is fine.</description>
        <degree>-2</degree>
      </li>
    </degreeDatas>
  </TraitDef>

  <TraitDef>
    <defName>Nerves</defName>
    <commonality>2</commonality>
    <degreeDatas>
      <li>
        <label>iron-willed</label>
        <description>[PAWN_nameDef]'s will is an iron shield. [PAWN_pronoun] keeps going through thick and thin, when others broke down long before.</description>
        <degree>2</degree>
        <statOffsets>
          <MentalBreakThreshold>-0.18</MentalBreakThreshold>
        </statOffsets>
        <statFactors>
          <CertaintyLossFactor MayRequire="Ludeon.RimWorld.Ideology">0.25</CertaintyLossFactor>
        </statFactors>
      </li>
      <li>
        <label>steadfast</label>
        <description>[PAWN_nameDef] is mentally tough and won't break down under stresses that would crack most people.</description>
        <degree>1</degree>
        <statOffsets>
          <MentalBreakThreshold>-0.09</MentalBreakThreshold>
        </statOffsets>
        <statFactors>
          <CertaintyLossFactor MayRequire="Ludeon.RimWorld.Ideology">0.5</CertaintyLossFactor>
        </statFactors>
      </li>
      <li>
        <label>nervous</label>
        <description>[PAWN_nameDef] tends to crack under pressure.</description>
        <degree>-1</degree>
        <statOffsets>
          <MentalBreakThreshold>0.08</MentalBreakThreshold>
        </statOffsets>
        <statFactors>
          <CertaintyLossFactor MayRequire="Ludeon.RimWorld.Ideology">2</CertaintyLossFactor>
        </statFactors>
      </li>
      <li>
        <label>volatile</label>
        <description>[PAWN_nameDef] is on a hair-trigger all the time. [PAWN_pronoun] is the first to break in any tough situation.</description>
        <degree>-2</degree>
        <statOffsets>
          <MentalBreakThreshold>0.15</MentalBreakThreshold>
        </statOffsets>
        <statFactors>
          <CertaintyLossFactor MayRequire="Ludeon.RimWorld.Ideology">3</CertaintyLossFactor>
        </statFactors>
      </li>
    </degreeDatas>
  </TraitDef>

  <TraitDef>
    <defName>Neurotic</defName>
    <commonality>1</commonality>
    <degreeDatas>
      <li>
        <label>neurotic</label>
        <description>[PAWN_nameDef] likes to have things squared away. [PAWN_pronoun] will work harder than most to attain this state of affairs, but [PAWN_possessive] nerves can get the better of [PAWN_objective].</description>
        <degree>1</degree>
        <statOffsets>
          <WorkSpeedGlobal>0.20</WorkSpeedGlobal>
          <MentalBreakThreshold>0.08</MentalBreakThreshold>
        </statOffsets>
      </li>
      <li>
        <label>very neurotic</label>
        <description>[PAWN_nameDef] feels constantly nervous about everything that has to get done. [PAWN_pronoun] will work extremely hard to attain this state of affairs, but [PAWN_possessive] nerves can easily get the better of [PAWN_objective].</description>
        <degree>2</degree>
        <statOffsets>
          <WorkSpeedGlobal>0.40</WorkSpeedGlobal>
          <MentalBreakThreshold>0.14</MentalBreakThreshold>
        </statOffsets>
      </li>
    </degreeDatas>
  </TraitDef>
  
  <TraitDef>
    <defName>Industriousness</defName>
    <commonality>2</commonality>
    <degreeDatas>
      <li>
        <label>industrious</label>
        <description>[PAWN_nameDef] has an easy time staying on-task and focused, and gets things done much faster than the average person.</description>
        <degree>2</degree>
        <statOffsets>
          <WorkSpeedGlobal>0.35</WorkSpeedGlobal>
        </statOffsets>
      </li>
      <li>
        <label>hard worker</label>
        <description>[PAWN_nameDef] is a natural hard worker and will finish tasks faster than most.</description>
        <degree>1</degree>
        <statOffsets>
          <WorkSpeedGlobal>0.20</WorkSpeedGlobal>
        </statOffsets>
      </li>
      <li>
        <label>lazy</label>
        <description>[PAWN_nameDef] is a little bit lazy.</description>
        <degree>-1</degree>
        <statOffsets>
          <WorkSpeedGlobal>-0.20</WorkSpeedGlobal>
        </statOffsets>
      </li>
      <li>
        <label>slothful</label>
        <description>[PAWN_nameDef] loves idleness and hates anything productive. [PAWN_pronoun] moves slowly and rarely stays focused on a task.</description>
        <degree>-2</degree>
        <statOffsets>
          <WorkSpeedGlobal>-0.35</WorkSpeedGlobal>
        </statOffsets>
      </li>
    </degreeDatas>
  </TraitDef>

  <TraitDef>
    <defName>PsychicSensitivity</defName>
    <commonality>2</commonality>
    <degreeDatas>
      <li>
        <label>psychically hypersensitive</label>
        <description>[PAWN_nameDef]'s mind is like a psychic tuning fork. [PAWN_pronoun] is extremely sensitive to psychic phenomena.</description>
        <degree>2</degree>
        <statOffsets>
          <PsychicSensitivity>0.8</PsychicSensitivity>
        </statOffsets>
      </li>
      <li>
        <label>psychically sensitive</label>
        <description>[PAWN_nameDef]'s mind is unusually sensitive to psychic phenomena.</description>
        <degree>1</degree>
        <statOffsets>
          <PsychicSensitivity>0.4</PsychicSensitivity>
        </statOffsets>
      </li>
      <li>
        <label>psychically dull</label>
        <description>[PAWN_nameDef]'s mind is psychically out of tune with others. [PAWN_pronoun] isn't as affected by psychic phenomena.</description>
        <degree>-1</degree>
        <statOffsets>
          <PsychicSensitivity>-0.5</PsychicSensitivity>
        </statOffsets>
      </li>
      <li>
        <label>psychically deaf</label>
        <description>[PAWN_nameDef]'s mind works on a psychic frequency different from everyone else. [PAWN_pronoun] just isn't affected by psychic phenomena.</description>
        <degree>-2</degree>
        <statOffsets>
          <PsychicSensitivity>-1</PsychicSensitivity>
        </statOffsets>
      </li>
    </degreeDatas>
  </TraitDef>

  <TraitDef>
    <defName>ShootingAccuracy</defName>
    <commonality>2</commonality>
    <degreeDatas>
      <li>
        <label>careful shooter</label>
        <description>[PAWN_nameDef] takes more time to aim when shooting. [PAWN_pronoun] shoots less often than others, but with more accuracy.</description>
        <degree>1</degree>
        <statOffsets>
          <AimingDelayFactor>0.25</AimingDelayFactor>
          <ShootingAccuracyPawn>5</ShootingAccuracyPawn>
        </statOffsets>
      </li>
      <li>
        <label>trigger-happy</label>
        <description>Pew! Pew! Pew! [PAWN_nameDef] just likes pulling the trigger. [PAWN_pronoun] shoots faster than others, but less accurately.</description>
        <degree>-1</degree>
        <statOffsets>
          <AimingDelayFactor>-0.5</AimingDelayFactor>
          <ShootingAccuracyPawn>-5</ShootingAccuracyPawn>
        </statOffsets>
      </li>
    </degreeDatas>
    <conflictingTraits>
      <li>Brawler</li>
    </conflictingTraits>
    <requiredWorkTags>
      <li>Violent</li>
    </requiredWorkTags>
  </TraitDef>
  
  <TraitDef>
    <defName>Beauty</defName>
    <commonality>2</commonality>
    <degreeDatas>
      <li>
        <label>beautiful</label>
        <description>[PAWN_nameDef] is exceptionally beautiful, with an exotic-yet-familiar facial structure and an arresting gaze. People are attracted to [PAWN_objective] before [PAWN_pronoun] even opens [PAWN_possessive] mouth.</description>
        <degree>2</degree>
        <statOffsets>
          <PawnBeauty>2</PawnBeauty>
        </statOffsets>
      </li>
      <li>
        <label>pretty</label>
        <description>[PAWN_nameDef] has a pretty face, which predisposes people to like [PAWN_objective].</description>
        <degree>1</degree>
        <statOffsets>
          <PawnBeauty>1</PawnBeauty>
        </statOffsets>
      </li>
      <li>
        <label>ugly</label>
        <description>[PAWN_nameDef] is somewhat ugly. This subtly repels others during social interactions.</description>
        <degree>-1</degree>
        <statOffsets>
          <PawnBeauty>-1</PawnBeauty>
        </statOffsets>
      </li>
      <li>
        <label>staggeringly ugly</label>
        <description>[PAWN_nameDef] is staggeringly ugly. [PAWN_possessive] face looks like a cross between a drawing by an untalented child, a malformed fetus in a jar of formaldehyde, and a piece of modern art. Others must exert conscious effort to look at [PAWN_objective] while conversing.</description>
        <degree>-2</degree>
        <statOffsets>
          <PawnBeauty>-2</PawnBeauty>
        </statOffsets>
      </li>      
    </degreeDatas>
  </TraitDef>

  <TraitDef>
    <defName>Immunity</defName>
    <degreeDatas>
      <li>
        <label>super-immune</label>
        <description>[PAWN_nameDef] has a naturally powerful immune system. [PAWN_pronoun] will gain immunity much faster than a normal person would, and can survive illnesses that would kill others.</description>
        <degree>1</degree>
        <statOffsets>
          <ImmunityGainSpeed>0.30</ImmunityGainSpeed>
        </statOffsets>
      </li>
      <li>
        <label>sickly</label>
        <description>[PAWN_nameDef] has an awful immune system. [PAWN_pronoun] gets sick more often than usual, frequently with illnesses that nobody in the colony has been afflicted by.</description>
        <degree>-1</degree>
        <randomDiseaseMtbDays>30</randomDiseaseMtbDays>
        <skillGains>
          <li>
            <key>Medicine</key>
            <value>4</value>
          </li>
        </skillGains>
      </li>
    </degreeDatas>
  </TraitDef>

</Defs>
