﻿<?xml version="1.0" encoding="utf-8" ?>
<Defs>

  <!--============================ Carpets =============================-->

  <ThingDef ParentName="PlantBase">
    <defName>Plant_ShrubLow</defName>
    <label>low shrubs</label>
    <description>Various low broadleaf shrubs. These grow in clusters and slow down movement.</description>
    <statBases>
      <MaxHitPoints>90</MaxHitPoints>
      <Nutrition>0.25</Nutrition>
    </statBases>
    <pathCost>14</pathCost>
    <graphicData>
      <texPath>Things/Plant/ShrubLow</texPath>
    </graphicData>
    <hideAtSnowDepth>0.5</hideAtSnowDepth>
    <ingestible />
    <plant>
      <fertilitySensitivity>0.7</fertilitySensitivity>
      <growDays>3</growDays>
      <harvestWork>60</harvestWork>
      <maxMeshCount>4</maxMeshCount>
      <visualSizeRange>0.85~1.05</visualSizeRange>
      <topWindExposure>0.2</topWindExposure>
      <wildClusterRadius>3</wildClusterRadius>
      <wildClusterWeight>40</wildClusterWeight>
          <wildOrder>1</wildOrder>
          <wildEqualLocalDistribution>false</wildEqualLocalDistribution>
    </plant>
  </ThingDef>

  <!--============================ Bushes =============================-->

  <ThingDef ParentName="BushBase">
    <defName>Plant_Alocasia</defName>
    <label>alocasia</label>
    <description>A tropical plant. Its extremely broad leaves are a commonly-recognized signifier of tropical forests.</description>
    <graphicData>
      <texPath>Things/Plant/Alocasia</texPath>
      <drawSize>2</drawSize>
      <shadowData>
        <volume>(0.55, 0.17, 0.15)</volume>
        <offset>(0,0,-0.2)</offset>
      </shadowData>
    </graphicData>
    <uiIconScale>0.5</uiIconScale>
    <plant>
      <leaflessGraphicPath>Things/Plant/Alocasia_Leafless</leaflessGraphicPath>
      <wildClusterRadius>4</wildClusterRadius>
      <wildClusterWeight>7.5</wildClusterWeight>
    </plant>
  </ThingDef>

  <ThingDef ParentName="BushBase">
    <defName>Plant_Clivia</defName>
    <label>clivia</label>
    <description>An unusual plant with tall, pretty flowers. Some call it the 'bush lily'.</description>
    <statBases>
      <Beauty>2</Beauty>
    </statBases>
    <graphicData>
      <texPath>Things/Plant/Clivia</texPath>
      <drawSize>1.1</drawSize>
      <shadowData>
        <volume>(0.3, 0.2, 0.15)</volume>
        <offset>(0,0,-0.1)</offset>
      </shadowData>
    </graphicData>
    <plant>
      <wildClusterRadius>3</wildClusterRadius>
      <wildClusterWeight>4</wildClusterWeight>
    </plant>
  </ThingDef>

  <ThingDef ParentName="BushBase">
    <defName>Plant_Rafflesia</defName>
    <label>giant rafflesia</label>
    <description>A rare, giant flower which can be found deep in steaming jungles. You would think a giant flower would be beautiful, but this one looks and smells like rotting flesh.</description>
    <statBases>
      <Beauty>-6</Beauty>
    </statBases>
    <graphicData>
      <texPath>Things/Plant/Rafflesia</texPath>
      <drawSize>1.7</drawSize>
      <shadowData>
        <volume>(0.55, 0.2, 0.2)</volume>
        <offset>(0,0,-0.1)</offset>
      </shadowData>
    </graphicData>
    <plant>
      <topWindExposure>0.07</topWindExposure>
      <wildClusterRadius>-1</wildClusterRadius>
    </plant>
  </ThingDef>

  <!--============================ Wild - Trees ============================-->

  <ThingDef ParentName="DeciduousTreeBase">
    <defName>Plant_TreeTeak</defName>
    <label>teak tree</label>
    <description>An exceptionally strong hardwood tree that grows in warm climates. Because teak wood is so durable and water-resistant, it was used to form the keel of wooden sailing ships in ancient times.</description>
    <graphicData>
      <texPath>Things/Plant/TreeTeak</texPath>
      <graphicClass>Graphic_Random</graphicClass>
    </graphicData>
    <statBases>
      <Beauty>2</Beauty>
    </statBases>
    <plant>
      <growDays>32.5</growDays>
      <leaflessGraphicPath>Things/Plant/TreeOak_Leafless</leaflessGraphicPath>
      <harvestWork>1800</harvestWork>
      <harvestYield>60</harvestYield>
      <visualSizeRange>1.3~2.4</visualSizeRange>
    </plant>
  </ThingDef>

  <ThingDef ParentName="TreeBase">
    <defName>Plant_TreeCecropia</defName>
    <label>cecropia tree</label>
    <description>One of the most common rainforest trees. Cecropia grows very fast, but yields little usable wood.</description>
    <graphicData>
      <texPath>Things/Plant/TreeCecropia</texPath>
      <graphicClass>Graphic_Random</graphicClass>
      <shadowData>
        <volume>(0.18, 0.3, 0.15)</volume>
      </shadowData>
    </graphicData>
    <statBases>
      <Beauty>1</Beauty>
      <Nutrition>1.5</Nutrition>
    </statBases>
    <plant>
      <growDays>14</growDays>
      <harvestWork>600</harvestWork>
      <harvestYield>18</harvestYield>
      <wildClusterRadius>10</wildClusterRadius>
      <wildClusterWeight>11</wildClusterWeight>
    </plant>
    <ingestible />
  </ThingDef>

  <ThingDef ParentName="TreeBase">
    <defName>Plant_TreePalm</defName>
    <label>palm tree</label>
    <description>A tropical tree with a tall, naked trunk topped by a cluster of very broad leaves. Unfortunately, this variety doesn't produce any edible coconuts.</description>
    <graphicData>
      <texPath>Things/Plant/TreePalm</texPath>
      <graphicClass>Graphic_Random</graphicClass>
      <shadowData>
        <volume>(0.18, 0.3, 0.15)</volume>
            <offset>(0.03,0,-0.44)</offset>
      </shadowData>
    </graphicData>
    <statBases>
      <Beauty>1</Beauty>
      <Nutrition>1.5</Nutrition>
    </statBases>
    <plant>
      <growDays>14</growDays>
      <harvestWork>600</harvestWork>
      <harvestYield>18</harvestYield>
      <wildClusterRadius>10</wildClusterRadius>
      <wildClusterWeight>11</wildClusterWeight>
    </plant>
    <ingestible />
  </ThingDef>

  <ThingDef ParentName="TreeBase">
    <defName>Plant_TreeBamboo</defName>
    <label>bamboo tree</label>
    <description>A fast-growing tree-like plant that grows in dense groves. Bamboo can be harvested for a wood-like material. The plant itself is not beautiful.</description>
    <statBases>
      <Nutrition>1.5</Nutrition>
    </statBases>
    <graphicData>
      <texPath>Things/Plant/TreeBamboo</texPath>
      <graphicClass>Graphic_Random</graphicClass>
      <shadowData>
        <volume>(0.38, 0.3, 0.15)</volume>
        <offset>(0,0,-0.47)</offset>
      </shadowData>
    </graphicData>
    <plant>
      <growDays>12</growDays>
      <harvestWork>550</harvestWork>
      <harvestYield>10</harvestYield>
      <wildClusterRadius>5</wildClusterRadius>
      <wildClusterWeight>15</wildClusterWeight>
    </plant>
    <ingestible />
  </ThingDef>

</Defs>
